,IR_VJ_1_junction_aa,IR_VDJ_1_junction_aa,IR_VJ_1_c_call,IR_VDJ_1_c_call,IR_VJ_1_v_call,IR_VDJ_1_v_call,IR_VJ_1_d_call,IR_VDJ_1_d_call,IR_VJ_1_j_call,IR_VDJ_1_j_call,epitope,clone_id
AACTCAGCACCCAGTG-1-initial-0-0,CAASKGGGGKLIF,CSARQGRWEQYF,,,TRAV13-1,TRBV20-1,,,TRAJ23,TRBJ2-7,QYIKWPWYI,20.0
AACTCAGTCAGGTAAA-1-initial-0-0,CGTPINSGYALNF,CASSVGSLPTNEKLFF,,,TRAV30,TRBV9,,,TRAJ41,TRBJ1-4,KCYGVSPTK,22.0
AACTCAGTCATTATCC-1-initial-0-0,CIVRVVNQAGTALIF,CASSISGSRGEQFF,,,TRAV26-1,TRBV19,,,TRAJ15,TRBJ2-1,KCYGVSPTK,23.0
AACTGGTAGATGTGTA-1-initial-0-0,CAVNIDDKIIF,CASSPDIEQFF,,,TRAV12-2,TRBV7-9,,,TRAJ30,TRBJ2-1,YLQPRTFLL,28.0
AAGGAGCGTACAGTGG-1-initial-0-0,CVVGTNNAGNMLTF,CASSPETGVGNQPQHF,,,TRAV10,TRBV4-2,,,TRAJ39,TRBJ1-5,KCYGVSPTK,34.0
ACACCAACACACATGT-1-initial-0-0,CVVNRLNDMRF,CATQWANTGELFF,,,TRAV12-1,TRBV19,,,TRAJ43,TRBJ2-2,YLQPRTFLL,46.0
ACACCCTGTATAGTAG-1-initial-0-0,CVVINTGGFKTIF,CASSLATSARTDTQYF,,,TRAV12-1,TRBV7-9,,,TRAJ9,TRBJ2-3,QYIKWPWYI,48.0
ACACCGGTCTTGCATT-1-initial-0-0,CILGNNNAGNMLTF,CASSAWGGNTIYF,,,TRAV26-2,TRBV9,,,TRAJ39,TRBJ1-3,KCYGVSPTK,51.0
ACACTGAAGACAGACC-1-initial-0-0,CAVNRDDKIIF,CASSPDIVYTF,,,TRAV12-2,TRBV7-9,,,TRAJ30,TRBJ1-2,YLQPRTFLL,52.0
ACAGCTAGTTTGCATG-1-initial-0-0,CVVTAGAGSYQLTF,CASSQERAGGPYNEQFF,,,TRAV10,TRBV4-2,,,TRAJ28,TRBJ2-1,KCYGVSPTK,61.0
ACCAGTACATTCACTT-1-initial-0-0,CAVQSSGSGYALNF,CASTKGTDSYEQYF,,,TRAV21,TRBV5-5,,,TRAJ41,TRBJ2-7,LTDEMIAQY,66.0
ACCGTAACAATGTAAG-1-initial-0-0,CIVRVATDSWGKLQF,CATSDSGTGGKTQYF,,,TRAV26-1,TRBV24-1,,,TRAJ24,TRBJ2-5,KCYGVSPTK,71.0
ACGATACGTGCAGGTA-1-initial-0-0,CAVGLTDSWGKLQF,CASSLAIRGIIDNEQFF,,,TRAV8-3,TRBV5-8,,,TRAJ24,TRBJ2-1,QYIKWPWYI,84.0
ACGGCCAAGTACGCGA-1-initial-0-0,CAFSPGGSEKLVF,CASSLGRFLRGDWDYEQYF,,,TRAV38-1,TRBV5-1,,,TRAJ57,TRBJ2-7,QYIKWPWYI,96.0
ACGGCCATCCGCATAA-1-initial-0-0,CAERRGKLQF,CATSRGPGGSKAGETQYF,,,TRAV5,TRBV15,,,TRAJ24,TRBJ2-5,LTDEMIAQY,99.0
ACTATCTCATGTTGAC-1-initial-0-0,CAANPGGFKTIF,CASSLGGGFIGELFF,,,TRAV13-1,TRBV27,,,TRAJ9,TRBJ2-2,KCYGVSPTK,110.0
ACTGAGTGTTCAGACT-1-initial-0-0,CVVNLYDKVIF,CASSPDIEAFF,,,TRAV12-1,TRBV7-9,,,TRAJ50,TRBJ1-1,YLQPRTFLL,119.0
ACTGTCCGTGAGGCTA-1-initial-0-0,CVVSPFSDGQKLLF,CSARDPALAGVTQYF,,,TRAV12-1,TRBV20-1,,,TRAJ16,TRBJ2-5,QYIKWPWYI,126.0
ACTTTCAAGGGCTTGA-1-initial-0-0,CVVSTYNAGNMLTF,CASSQELGSKNQPQHF,,,TRAV10,TRBV4-2,,,TRAJ39,TRBJ1-5,KCYGVSPTK,133.0
AGCGGTCTCGGTGTTA-1-initial-0-0,CVVRTNNAGNMLTF,CASSQETGANYNSPLHF,,,TRAV10,TRBV4-2,,,TRAJ39,TRBJ1-6,KCYGVSPTK,158.0
AGTGTCAGTCGACTAT-1-initial-0-0,CALSQGAQKLVF,CASSYDRQGSNTGELFF,,,TRAV16,TRBV5-4,,,TRAJ54,TRBJ2-2,KCYGVSPTK,188.0
ATCATCTGTCATACTG-1-initial-0-0,CALSLSGGYNKLIF,CASSQGVIDEQYF,,,TRAV19,TRBV6-6,,,TRAJ4,TRBJ2-7,LTDEMIAQY,201.0
ATCATCTTCAGGTAAA-1-initial-0-0,CAAQTQGGSEKLVF,CASSQERGGGWRGWWNTEAFF,,,TRAV41,TRBV4-2,,,TRAJ57,TRBJ1-1,QYIKWPWYI,202.0
ATCCGAAAGTCCAGGA-1-initial-0-0,CAGMNSGYSTLTF,CASSWRTGEDSEAFF,,,TRAV5,TRBV28,,,TRAJ11,TRBJ1-1,QYIKWPWYI,208.0
ATTACTCTCGAATGCT-1-initial-0-0,CAVGNSGYALNF,CASLEGPGNEQFF,,,TRAV12-2,TRBV11-2,,,TRAJ41,TRBJ2-1,LTDEMIAQY,225.0
ATTGGACGTTATTCTC-1-initial-0-0,CAMREGRSGSARQLTF,CAWLGLAGEIKGSDTQYF,,,TRAV14/DV4,TRBV30,,,TRAJ22,TRBJ2-3,QYIKWPWYI,230.0
CAAGAAATCGTAGATC-1-initial-0-0,CAVALNRDDKIIF,CASSILGGGGANVLTF,,,TRAV21,TRBV6-6,,,TRAJ30,TRBJ2-6,SPRRARSVA,246.0
CACAGGCGTCCCTTGT-1-initial-0-0,CAASEAGNNRKLIW,CASSQEQGGFYEQYF,,,TRAV13-1,TRBV9,,,TRAJ38,TRBJ2-7,KCYGVSPTK,265.0
CAGATCAGTCTAGGTT-1-initial-0-0,CAVSKGAGANNLFF,CASSYSGTGYGYTF,,,TRAV21,TRBV6-5,,,TRAJ36,TRBJ1-2,KCYGVSPTK,276.0
CAGCAGCAGAACTCGG-1-initial-0-0,CAANTGNQFYF,CASSLAANQPQHF,,,TRAV5,TRBV27,,,TRAJ49,TRBJ1-5,LTDEMIAQY,277.0
CAGCAGCCAGATGAGC-1-initial-0-0,CAYRSAEIEGNTPLVF,CSARVVGPYEQYF,,,TRAV38-2/DV8,TRBV20-1,,,TRAJ29,TRBJ2-7,QYIKWPWYI,278.0
CAGCTAAAGTACGACG-1-initial-0-0,CVVNVVRDSNYQLIW,CASSLGQGYEQYF,,,TRAV12-1,TRBV5-4,,,TRAJ33,TRBJ2-7,NYNYLYRLF,283.0
CAGCTAAGTATAGGTA-1-initial-0-0,CAVNNNNNDMRF,CASSYRASKFF,,,TRAV12-2,TRBV5-1,,,TRAJ43,TRBJ2-1,KCYGVSPTK,284.0
CAGTAACGTTACGCGC-1-initial-0-0,CAGAGDSGTYKYIF,CASSEPPGGRLEQYF,,,TRAV27,TRBV6-1,,,TRAJ40,TRBJ2-7,QYIKWPWYI,289.0
CATCAGAGTTGGTAAA-1-initial-0-0,CALKGVNRDDKIIF,CSVFTGWPYEQYF,,,TRAV16,TRBV29-1,,,TRAJ30,TRBJ2-7,LTDEMIAQY,297.0
CATCCACTCAAAGTAG-1-initial-0-0,CAVEALSGGYNKLIF,CATGTGGYEQYF,,,TRAV12-2,TRBV7-9,,,TRAJ4,TRBJ2-7,QYIKWPWYI,299.0
CATGCCTGTTATCGGT-1-initial-0-0,CVVNRDNDMRF,CASQDANTGELFF,,,TRAV12-1,TRBV19,,,TRAJ43,TRBJ2-2,YLQPRTFLL,323.0
CATGGCGAGAAGATTC-1-initial-0-0,CAVNGGDKLIF,CASSPDIEAFF,,,TRAV12-2,TRBV7-9,,,TRAJ34,TRBJ1-1,YLQPRTFLL,311.0
CCAATCCCAAGCGCTC-1-initial-0-0,CAMRSNYQLIW,CASSYAQGEQYF,,,TRAV12-3,TRBV6-5,,,TRAJ33,TRBJ2-7,LTDEMIAQY,317.0
CCGGGATTCGAACGGA-1-initial-0-0,CILMNNNAGNMLTF,CASSISKGGGSPLHF,,,TRAV26-2,TRBV19,,,TRAJ39,TRBJ1-6,KCYGVSPTK,331.0
CCGTACTAGTCAAGCG-1-initial-0-0,CVVNDPDGQKLLF,CASSPPGGGNTGELFF,,,TRAV12-1,TRBV13,,,TRAJ16,TRBJ2-2,YLQPRTFLL,349.0
CCGTGGAAGTGTTAGA-1-initial-0-0,CVVNKGDKIIF,CASSLDIEAFF,,,TRAV12-1,TRBV7-9,,,TRAJ30,TRBJ1-1,YLQPRTFLL,354.0
CCTAGCTTCTTTACGT-1-initial-0-0,CAADTGRRALTF,CASSFKHRGGDTEAFF,,,TRAV1-1,TRBV5-6,,,TRAJ5,TRBJ1-1,QYIKWPWYI,352.0
CCTCTGAAGAGTACAT-1-initial-0-0,CLVGDMATGTYKYIF,CASSQVSGDEQFF,,,TRAV4,TRBV4-3,,,TRAJ40,TRBJ2-1,SPRRARSVA,355.0
CGACCTTGTTAAGACA-1-initial-0-0,CAVTGDKIIF,CASSPQGGGGDTQYF,,,TRAV1-1,TRBV7-3,,,TRAJ30,TRBJ2-3,KCYGVSPTK,370.0
CGATCGGGTAGTGAAT-1-initial-0-0,CALSVDGNKLVF,CASSQSFRVSYNSPLHF,,,TRAV9-2,TRBV3-1,,,TRAJ47,TRBJ1-6,KCYGVSPTK,382.0
CGATTGAGTAGGACAC-1-initial-0-0,CAVRPGRGTSYGKLTF,CASSMGAGGAADTQYF,,,TRAV21,TRBV19,,,TRAJ52,TRBJ2-3,LTDEMIAQY,386.0
CGCGGTAGTGTGGTTT-1-initial-0-0,CATSSGTYKYIF,CASSSDRRTQYF,,,TRAV36/DV7,TRBV25-1,,,TRAJ40,TRBJ2-5,KCYGVSPTK,389.0
CGCTATCAGCTGTCTA-1-initial-0-0,CAVQPGDYKLSF,CASSVDRGNTIYF,,,TRAV20,TRBV25-1,,,TRAJ20,TRBJ1-3,KCYGVSPTK,392.0
CGCTTCAGTTCCATGA-1-initial-0-0,CATDYSGGGADGLTF,CASSLGGGYHNEQFF,,,TRAV17,TRBV25-1,,,TRAJ45,TRBJ2-1,KCYGVSPTK,396.0
CGGGTCATCCTGCAGG-1-initial-0-0,CSWLDNAGNMLTF,CSVQGGGATTGELFF,,,TRAV26-1,TRBV29-1,,,TRAJ39,TRBJ2-2,KCYGVSPTK,406.0
CGTTGGGAGCCATCGC-1-initial-0-0,CVVNNADSWGKLQF,CASSPPGGGNTGELFF,,,TRAV12-1,TRBV13,,,TRAJ24,TRBJ2-2,YLQPRTFLL,445.0
CTACACCGTTGGGACA-1-initial-0-0,CVVNRDDKIIF,CSAGDRNSLEQYF,,,TRAV12-1,TRBV29-1,,,TRAJ30,TRBJ2-7,YLQPRTFLL,434.0
CTACCCACATGAACCT-1-initial-0-0,CVVNRHMDSNYQLIW,CASSESGGYEQYF,,,TRAV12-1,TRBV6-1,,,TRAJ33,TRBJ2-7,NYNYLYRLF,437.0
CTAGCCTCATCCTTGC-1-initial-0-0,CAPKTSYDKVIF,CASRYTGTGADGYTF,,,TRAV24,TRBV27,,,TRAJ50,TRBJ1-2,KCYGVSPTK,442.0
CTCAGAACAAGTCTGT-1-initial-0-0,CAVQGDNNAGNMLTF,CASSAYVSSYNSPLHF,,,TRAV20,TRBV9,,,TRAJ39,TRBJ1-6,KCYGVSPTK,450.0
CTCAGAAGTCTGGAGA-1-initial-0-0,CATGFETSGSRLTF,CSATLEGRGRQETQYF,,,TRAV17,TRBV20-1,,,TRAJ58,TRBJ2-5,QYIKWPWYI,451.0
CTCCTAGCAAGTAGTA-1-initial-0-0,CAVYAGNNRKLIW,CASTPGSREQFF,,,TRAV12-2,TRBV12-4,,,TRAJ38,TRBJ2-1,KCYGVSPTK,455.0
CTGATCCCACACATGT-1-initial-0-0,CAMREGPTGGGNKLTF,CASSAEGQGHTDTQYF,,,TRAV14/DV4,TRBV9,,,TRAJ10,TRBJ2-3,KCYGVSPTK,472.0
CTGGTCTTCTTGACGA-1-initial-0-0,CIVGDNNAGNMLTF,CASSAYGGSDTQYF,,,TRAV26-1,TRBV9,,,TRAJ39,TRBJ2-3,KCYGVSPTK,479.0
CTGTGCTCATGCCCGA-1-initial-0-0,CVVNEPSGNTPLVF,CSARDREAANTGELFF,,,TRAV12-1,TRBV20-1,,,TRAJ29,TRBJ2-2,YLQPRTFLL,498.0
CTTGGCTAGGGTCGAT-1-initial-0-0,CAFISGGSNYKLTF,CASSSRQGIRDYGYTF,,,TRAV38-1,TRBV7-6,,,TRAJ53,TRBJ1-2,LTDEMIAQY,489.0
GAAATGATCAGATAAG-1-initial-0-0,CAASSNTGNQFYF,CASSLWDSEYYGYTF,,,TRAV29/DV5,TRBV7-2,,,TRAJ49,TRBJ1-2,QYIKWPWYI,494.0
GACGTGCCAAATCCGT-1-initial-0-0,CVVTDLFF,CASSPRTGVAGELFF,,,TRAV12-1,TRBV27,,,TRAJ36,TRBJ2-2,LTDEMIAQY,509.0
GAGTCCGGTCAATGTC-1-initial-0-0,CAVKDNNNDMRF,CASSYRGEQYF,,,TRAV12-2,TRBV5-1,,,TRAJ43,TRBJ2-7,KCYGVSPTK,525.0
GATCGTAGTACCGAGA-1-initial-0-0,CILLNNNAGNMLTF,CASSPWGGNNEQFF,,,TRAV26-2,TRBV9,,,TRAJ39,TRBJ2-1,KCYGVSPTK,532.0
GATGAGGTCGCCCTTA-1-initial-0-0,CIVRVFNQAGTALIF,CATTFTGSRAEAFF,,,TRAV26-1,TRBV19,,,TRAJ15,TRBJ1-1,KCYGVSPTK,538.0
GCACTCTTCGTCCGTT-1-initial-0-0,CALRGNQGGKLIF,CASSLDGSEGANVLTF,,,TRAV38-1,TRBV28,,,TRAJ23,TRBJ2-6,LTDEMIAQY,545.0
GCGCCAAAGATAGTCA-1-initial-0-0,CAVQAGGLNDYKLSF,CASSFREGPLFYEQYF,,,TRAV20,TRBV27,,,TRAJ20,TRBJ2-7,QYIKWPWYI,569.0
GCTGCAGTCTTGAGGT-1-initial-0-0,CAASIENNDMRF,CASSLRRESCYEQYF,,,TRAV13-1,TRBV28,,,TRAJ43,TRBJ2-7,QYIKWPWYI,578.0
GGAAAGCGTAAACCTC-1-initial-0-0,CVVNILYSGAGSYQLTF,CASSELGGYEQYF,,,TRAV12-1,TRBV6-1,,,TRAJ28,TRBJ2-7,NYNYLYRLF,591.0
GGACAGATCCTCAATT-1-initial-0-0,CARGYGQNFVF,CASSERGDRGGYEQYF,,,TRAV13-1,TRBV25-1,,,TRAJ26,TRBJ2-7,KCYGVSPTK,601.0
GGGAGATCACGAAACG-1-initial-0-0,CAGIQGAQKLVF,CASSSRPVAAERAYNSPLHF,,,TRAV35,TRBV28,,,TRAJ54,TRBJ1-6,QYIKWPWYI,614.0
GGGTCTGTCCAAGTAC-1-initial-0-0,CVVNGLYSGNTPLVF,CASSYFLAGFRGYNEQFF,,,TRAV12-1,TRBV6-2,,,TRAJ29,TRBJ2-1,QYIKWPWYI,622.0
GTACTCCCAGGTGCCT-1-initial-0-0,CAVSPGANNLFF,CASSFWFGQGPAPGANVLTF,,,TRAV21,TRBV27,,,TRAJ36,TRBJ2-6,KCYGVSPTK,636.0
GTAGTCATCACGAAGG-1-initial-0-0,CAFIQTGANNLFF,CASSVPDQFRLFF,,,TRAV38-1,TRBV9,,,TRAJ36,TRBJ1-1,LTDEMIAQY,646.0
GTATCTTGTAGCTGCC-1-initial-0-0,CAYALNSGYALNF,CSARGITSGGVPDTQYF,,,TRAV38-2/DV8,TRBV20-1,,,TRAJ41,TRBJ2-3,RLQSLQTYV,650.0
GTATTCTGTTACGTCA-1-initial-0-0,CAGAGGTSYGKLTF,CSTRAGPTEAFF,,,TRAV21,TRBV29-1,,,TRAJ52,TRBJ1-1,QYIKWPWYI,654.0
GTCGTAACACAGACAG-1-initial-0-0,CAATPFYGGSQGNLIF,CASSPEIGQYF,,,TRAV13-1,TRBV7-9,,,TRAJ42,TRBJ2-3,YLQPRTFLL,691.0
GTCTCGTAGGTGATAT-1-initial-0-0,CVVSERSNSGYALNF,CATIPTSTVETQYF,,,TRAV10,TRBV25-1,,,TRAJ41,TRBJ2-5,KCYGVSPTK,670.0
GTGCATATCTCTAAGG-1-initial-0-0,CVVNKDAGNMLTF,CAPGEENTGELFF,,,TRAV12-1,TRBV7-8,,,TRAJ39,TRBJ2-2,YLQPRTFLL,703.0
GTGTGCGAGGACCACA-1-initial-0-0,CAFMKLGNNARLMF,CAISGPEINQPQHF,,,TRAV38-1,TRBV10-3,,,TRAJ31,TRBJ1-5,LTDEMIAQY,684.0
TACCTTAGTCGCTTTC-1-initial-0-0,CAASGPYGQNFVF,CASSWKGGDAYGYTF,,,TRAV29/DV5,TRBV5-5,,,TRAJ26,TRBJ1-2,KCYGVSPTK,20300.0
TATCAGGTCTCGTATT-1-initial-0-0,CAVKMDSGYALNF,CASSDGGPLSWTRRVPGTDTQYF,,,TRAV8-1,TRBV6-1,,,TRAJ41,TRBJ2-3,QYIKWPWYI,716.0
TATCTCAGTAAACGCG-1-initial-0-0,CAVRQTGGGADGLTF,CSVPGLVYPGELFF,,,TRAV3,TRBV29-1,,,TRAJ45,TRBJ2-2,LTDEMIAQY,718.0
TCAATCTGTCACAAGG-1-initial-0-0,CAQGETSGSRLTF,CASSPQQGQETQYF,,,TRAV17,TRBV14,,,TRAJ58,TRBJ2-5,QYIKWPWYI,728.0
TCACAAGCAAGTAGTA-1-initial-0-0,CALREETSGSRLTF,CSAIGGGQGPLIANGHNPYNEQFF,,,TRAV16,TRBV20-1,,,TRAJ58,TRBJ2-1,QYIKWPWYI,731.0
TCAGGATGTAAACACA-1-initial-0-0,CAASGGGADGLTF,CASSLLRETDTQYF,,,TRAV13-1,TRBV6-5,,,TRAJ45,TRBJ2-3,QYIKWPWYI,738.0
TCGCGAGTCCACGTTC-1-initial-0-0,CAYYRGQNFVF,CSARDTGGNNSPLHF,,,TRAV38-2/DV8,TRBV20-1,,,TRAJ26,TRBJ1-6,KCYGVSPTK,749.0
TCGTAGAGTACGCTGC-1-initial-0-0,CALRYGGATNKLIF,CASSLEGVGGYTF,,,TRAV19,TRBV7-6,,,TRAJ32,TRBJ1-2,LTDEMIAQY,763.0
TCTCTAAAGAACTGTA-1-initial-0-0,CVVNREDDMRF,CASSLQNTGELFF,,,TRAV12-1,TRBV4-1,,,TRAJ43,TRBJ2-2,YLQPRTFLL,767.0
TCTGGAAAGAAGAAGC-1-initial-0-0,CAASGGAQKLVF,CASSLRVTNTGELFF,,,TRAV29/DV5,TRBV7-6,,,TRAJ54,TRBJ2-2,LTDEMIAQY,772.0
TCTGGAATCTGGCGAC-1-initial-0-0,CAMRTGYSGYSSASKIIF,CASTTSLAEKTYEQYF,,,TRAV14/DV4,TRBV10-2,,,TRAJ3,TRBJ2-7,QYIKWPWYI,774.0
TCTTCGGGTCCTGCTT-1-initial-0-0,CALSDQGSGTYKYIF,CASSQDLFGGPTDTQYF,,,TRAV9-2,TRBV4-3,,,TRAJ40,TRBJ2-3,RLQSLQTYV,775.0
TGACAACTCACCGGGT-1-initial-0-0,CVVTSNDYKLSF,CASSQEQRGLTYEQYF,,,TRAV10,TRBV4-2,,,TRAJ20,TRBJ2-7,KCYGVSPTK,780.0
TGACTTTAGACTTGAA-1-initial-0-0,CAAIPADQAGTALIF,CASSFGPGGNEQFF,,,TRAV13-1,TRBV5-5,,,TRAJ15,TRBJ2-1,KCYGVSPTK,786.0
TGCGGGTTCAGCACAT-1-initial-0-0,CAYRSRNQAGTALIF,CASSETGTRETQYF,,,TRAV38-2/DV8,TRBV19,,,TRAJ15,TRBJ2-5,KCYGVSPTK,803.0
TTAGTTCGTTTACTCT-1-initial-0-0,CAAGSSGGSYIPTF,CASSLEGHRGLYNEQFF,,,TRAV13-1,TRBV7-7,,,TRAJ6,TRBJ2-1,LTDEMIAQY,832.0
TTCGAAGAGCTTATCG-1-initial-0-0,CVVNKDNDMRF,CAVQDLNTGELFF,,,TRAV12-1,TRBV30,,,TRAJ43,TRBJ2-2,YLQPRTFLL,835.0
TTCTTAGTCAGGCAAG-1-initial-0-0,CAVRRSGGSNYKLTF,CASSLDRVRGNSYEQYF,,,TRAV8-4,TRBV6-5,,,TRAJ53,TRBJ2-7,LTDEMIAQY,841.0
TTTACTGAGCGCTCCA-1-initial-0-0,CAGISDSWGKLQF,CSARAFWDWDDIQYF,,,TRAV35,TRBV20-1,,,TRAJ24,TRBJ2-4,QYIKWPWYI,848.0
TTTCCTCCATAAAGGT-1-initial-0-0,CAHKSYGNNRLAF,CASSYGQGDGTGELFF,,,TRAV17,TRBV5-4,,,TRAJ7,TRBJ2-2,QYIKWPWYI,852.0
AAACCTGGTTAGATGA-1-first_shot_10-1-0,CILPLAGGTSYGKLTF,CASSLGQAYEQYF,,,TRAV26-2,TRBV7-8,,,TRAJ52,TRBJ2-7,FLRGRAYGL,869.0
AACCGCGAGTACATGA-1-first_shot_10-1-0,CALSEPPTGGFKTIF,CSARDLGGNTEAFF,,,TRAV19,TRBV20-1,,,TRAJ9,TRBJ1-1,QYIKWPWYI,967.0
AACTCAGGTGAAATCA-1-first_shot_10-1-0,CAVKEASGTYKYIF,CASSWNSSPLHF,,,TRAV8-1,TRBV7-9,,,TRAJ40,TRBJ1-6,QYIKWPWYI,996.0
AATCGGTAGTGGGTTG-1-first_shot_10-1-0,CAVLDSNYQLIW,CASSVGRETSEQYF,,,TRAV1-2,TRBV9,,,TRAJ33,TRBJ2-7,QYIKWPWYI,1139.0
ACACCGGGTTGCGCAC-1-first_shot_10-1-0,CALSDLTFDQTGANNLFF,CASSQEKVPSETQYF,,,TRAV19,TRBV4-1,,,TRAJ36,TRBJ2-5,QYIKWPWYI,1180.0
ACAGCCGCACGAAATA-1-first_shot_10-1-0,CAAETSGSRLTF,CAINRDRCNYGYTF,,,TRAV23/DV6,TRBV2,,,TRAJ58,TRBJ1-2,QYIKWPWYI,1197.0
ACAGCTATCCCAGGTG-1-first_shot_10-1-0,CAASYISNFGNEKLTF,CASSLPKTTQYF,,,TRAV29/DV5,TRBV7-2,,,TRAJ48,TRBJ2-5,QYIKWPWYI,12154.0
ACGCAGCCATTTCAGG-1-first_shot_10-1-0,CAVEDTGGFKTIF,CASSIIPGTYHTEAFF,,,TRAV12-2,TRBV27,,,TRAJ9,TRBJ1-1,QYIKWPWYI,1317.0
ACTGCTCTCTTTCCTC-1-first_shot_10-1-0,CAYWGGSNYKLTF,CASSGGPLQETQYF,,,TRAV38-2/DV8,TRBV7-9,,,TRAJ53,TRBJ2-5,SPRRARSVA,1443.0
ACTTACTCACAAGACG-1-first_shot_10-1-0,CVVNALRGGGSNYKLTF,CASSEGQGYEAFF,,,TRAV12-1,TRBV6-1,,,TRAJ53,TRBJ1-1,NYNYLYRLF,1466.0
AGCTCCTAGCTATGCT-1-first_shot_10-1-0,CAGHRNDQGAQKLVF,CSFNYNEQFF,,,TRAV35,TRBV29-1,,,TRAJ54,TRBJ2-1,NYNYLYRLF,1602.0
AGCTCCTGTCCGTTAA-1-first_shot_10-1-0,CVVNRPQAGTALIF,CASQANQNTGELFF,,,TRAV12-1,TRBV13,,,TRAJ15,TRBJ2-2,YLQPRTFLL,1608.0
AGGTCCGCAGGGAGAG-1-first_shot_10-1-0,CAVISRGGSNYKLTF,CASSPGQGAFEQYF,,,TRAV41,TRBV5-4,,,TRAJ53,TRBJ2-7,QYIKWPWYI,1691.0
AGTGGGAGTCATGCCG-1-first_shot_10-1-0,CAVTRGGYSTLTF,CASSLGTGGIDEQFF,,,TRAV21,TRBV12-3,,,TRAJ11,TRBJ2-1,LTDEMIAQY,1735.0
AGTTGGTTCCACGCAG-1-first_shot_10-1-0,CAMWWGLDYKLSF,CASSWVAGEYEQYF,,,TRAV12-3,TRBV28,,,TRAJ20,TRBJ2-7,QYIKWPWYI,1753.0
ATAACGCGTTAAAGAC-1-first_shot_10-1-0,CAVDNAGNMLTF,CASSFVDEQYF,,,TRAV38-1,TRBV7-9,,,TRAJ39,TRBJ2-7,SPRRARSVA,1763.0
ATCACGATCTCGTATT-1-first_shot_10-1-0,CAASDEGGGAQKLVF,CASSSGTSGRFYEQYF,,,TRAV29/DV5,TRBV5-6,,,TRAJ54,TRBJ2-7,YTNSFTRGVY,1791.0
ATCTACTAGAGATGAG-1-first_shot_10-1-0,CAMEEGWGKLQF,CASSFMWRSWTDTQYF,,,TRAV14/DV4,TRBV12-3,,,TRAJ24,TRBJ2-3,QYIKWPWYI,1840.0
ATTACTCGTAGAGGAA-1-first_shot_10-1-0,CVVMSYSGAGSYQLTF,CASSEGQGYEQYF,,,TRAV12-1,TRBV2,,,TRAJ28,TRBJ2-7,NYNYLYRLF,1902.0
ATTCTACTCCACGTTC-1-first_shot_10-1-0,CAAQDFQGGSEKLVF,CASSSGNPRAQYF,,,TRAV29/DV5,TRBV13,,,TRAJ57,TRBJ2-7,QYIKWPWYI,1921.0
ATTGGACGTTTGTGTG-1-first_shot_10-1-0,CALSGATNKLIF,CAIGGTNTGELFF,,,TRAV16,TRBV2,,,TRAJ32,TRBJ2-2,YLQPRTFLL,1932.0
CAACCTCAGCCGATTT-1-first_shot_10-1-0,CATDTGRRALTF,CASSHETANTEAFF,,,TRAV17,TRBV4-1,,,TRAJ5,TRBJ1-1,SPRRARSVA,1964.0
CAAGGCCTCGTAGGTT-1-first_shot_10-1-0,CAVPGWGGGNKLTF,CATRGAGVQPQHF,,,TRAV1-2,TRBV18,,,TRAJ10,TRBJ1-5,QYIKWPWYI,2016.0
CACAGTATCTTTACGT-1-first_shot_10-1-0,CVVGDSWGKLQF,CASRPFPGAYEQYF,,,TRAV10,TRBV27,,,TRAJ24,TRBJ2-7,QYIKWPWYI,2089.0
CACATAGGTAGCGTCC-1-first_shot_10-1-0,CAPFDGGKLTF,CSPWGPTPGSGTTDTQYF,,,TRAV36/DV7,TRBV29-1,,,TRAJ44,TRBJ2-3,KCYGVSPTK,2096.0
CACATTTCAAAGCGGT-1-first_shot_10-1-0,CIVRPALFQGAQKLVF,CAISDLWLPSGQEQFF,,,TRAV26-1,TRBV10-3,,,TRAJ54,TRBJ2-1,QYIKWPWYI,2103.0
CACCACTGTTGGTTTG-1-first_shot_10-1-0,CVVTRGYSTLTF,CASSEGTGYEQYF,,,TRAV12-1,TRBV6-4,,,TRAJ11,TRBJ2-7,NYNYLYRLF,2117.0
CACCAGGGTTTCCACC-1-first_shot_10-1-0,CAMRDLGDMRF,CASSFWDRRYGYTF,,,TRAV14/DV4,TRBV27,,,TRAJ43,TRBJ1-2,LTDEMIAQY,2123.0
CACTCCAAGGCAATTA-1-first_shot_10-1-0,CATEGYNNNDMRF,CASTHWLRGSGTEAFF,,,TRAV17,TRBV6-2,,,TRAJ43,TRBJ1-1,QYIKWPWYI,12165.0
CAGCAGCCACTTACGA-1-first_shot_10-1-0,CAENDPNDYKLSF,CASSLVATALLWNEQYF,,,TRAV13-2,TRBV27,,,TRAJ20,TRBJ2-7,SPRRARSVA,2179.0
CAGCGACTCAGTCAGT-1-first_shot_10-1-0,CVVNKVNDMRF,CATQEGNTGELFF,,,TRAV12-1,TRBV3-1,,,TRAJ43,TRBJ2-2,YLQPRTFLL,2222.0
CAGTCCTAGCTTATCG-1-first_shot_10-1-0,CAVSGYSTLTF,CASSVGLAGVPAEQYF,,,TRAV8-4,TRBV5-8,,,TRAJ11,TRBJ2-7,QYIKWPWYI,2267.0
CATGACATCAGCACAT-1-first_shot_10-1-0,CEARGNEKLTF,CASSPAGGRGETQYF,,,TRAV36/DV7,TRBV7-3,,,TRAJ48,TRBJ2-5,KCYGVSPTK,2339.0
CATGCCTCACCACCAG-1-first_shot_10-1-0,CIGRYKLSF,CASSEGQGYEQYF,,,TRAV38-2/DV8,TRBV2,,,TRAJ20,TRBJ2-7,NYNYLYRLF,2345.0
CATTCGCTCGAATGGG-1-first_shot_10-1-0,CAANGNAGNMLTF,CATRLAGGETQYF,,,TRAV13-1,TRBV28,,,TRAJ39,TRBJ2-5,QYIKWPWYI,2380.0
CCACTACAGTTACGGG-1-first_shot_10-1-0,CVVNGNNDMRF,CANLEMNTGELFF,,,TRAV12-1,TRBV12-4,,,TRAJ43,TRBJ2-2,YLQPRTFLL,2400.0
CCATGTCAGTTTCCTT-1-first_shot_10-1-0,CALSEDYGGATNKLIF,CASSLVRGGPSTDTQYF,,,TRAV19,TRBV7-9,,,TRAJ32,TRBJ2-3,QYIKWPWYI,2416.0
CCATGTCGTCAATGTC-1-first_shot_10-1-0,CVVNGDTDKLIF,CASQDQNTGELFF,,,TRAV12-1,TRBV7-2,,,TRAJ34,TRBJ2-2,YLQPRTFLL,2419.0
CCCAGTTGTCTAGTCA-1-first_shot_10-1-0,CALSERLPFGNEKLTF,CASSQVPGVTEAFF,,,TRAV19,TRBV4-3,,,TRAJ48,TRBJ1-1,QYIKWPWYI,2448.0
CCCTCCTTCTCAAGTG-1-first_shot_10-1-0,CAVRPSGSRLTF,CASSLAHCPGQVPYEQYF,,,TRAV21,TRBV5-4,,,TRAJ58,TRBJ2-7,QYIKWPWYI,2466.0
CCGGTAGCACACAGAG-1-first_shot_10-1-0,CALSEGGTDKLIF,CASSLRDSLLSQYF,,,TRAV19,TRBV13,,,TRAJ34,TRBJ2-3,QYIKWPWYI,2483.0
CGAACATGTACCGTTA-1-first_shot_10-1-0,CAVLENNARLMF,CASSLGGGNEQFF,,,TRAV41,TRBV5-6,,,TRAJ31,TRBJ2-1,QYIKWPWYI,2617.0
CGACTTCAGCTGAAAT-1-first_shot_10-1-0,CAAGAMEYGNKLVF,CASSYGGAVTEQFF,,,TRAV41,TRBV6-2,,,TRAJ47,TRBJ2-1,QYIKWPWYI,2642.0
CGATCGGTCTGCTGTC-1-first_shot_10-1-0,CAVRPVVDSGYALNF,CASSPGDSLPDGYTF,,,TRAV21,TRBV28,,,TRAJ41,TRBJ1-2,QYIKWPWYI,2678.0
CGCCAAGTCTAACTCT-1-first_shot_10-1-0,CVVRRFGNEKLTF,CASSQVIRTYEQYF,,,TRAV12-1,TRBV4-1,,,TRAJ48,TRBJ2-7,QYIKWPWYI,2702.0
CGCTATCCATCGGGTC-1-first_shot_10-1-0,CAVRGADGLTF,CASTNRASDSYEQYF,,,TRAV21,TRBV6-6,,,TRAJ45,TRBJ2-7,LTDEMIAQY,2722.0
CGGACACGTGTTCGAT-1-first_shot_10-1-0,CAMREGRAGANNLFF,CASSVEPGPSYEQYF,,,TRAV14/DV4,TRBV9,,,TRAJ36,TRBJ2-7,KCYGVSPTK,2756.0
CGGACGTCACCAACCG-1-first_shot_10-1-0,CATDTGTYKYIF,CASVGDSRSPLHF,,,TRAV17,TRBV25-1,,,TRAJ40,TRBJ1-6,KCYGVSPTK,2765.0
CGGAGTCAGCGTGAGT-1-first_shot_10-1-0,CGAEGTGRDDKIIF,CASSYSMEEQYF,,,TRAV34,TRBV6-6,,,TRAJ30,TRBJ2-7,YTNSFTRGVY,2785.0
CGTAGCGCATAGAAAC-1-first_shot_10-1-0,CAASAQGGSEKLVF,CSARDTDSYNEQFF,,,TRAV29/DV5,TRBV20-1,,,TRAJ57,TRBJ2-1,QYIKWPWYI,2822.0
CGTTCTGTCCAGATCA-1-first_shot_10-1-0,CAGLWAGNNRKLIW,CSAKGLAGGVVSTDTQYF,,,TRAV25,TRBV20-1,,,TRAJ38,TRBJ2-3,QYIKWPWYI,2906.0
CTAATGGGTAATAGCA-1-first_shot_10-1-0,CVVTLLISNDYKLSF,CASSEAGGYEQFF,,,TRAV12-1,TRBV6-1,,,TRAJ20,TRBJ2-1,NYNYLYRLF,2937.0
CTACACCAGAGGGCTT-1-first_shot_10-1-0,CAVVHNTDKLIF,CSARGTPPRPNYGYTF,,,TRAV2,TRBV20-1,,,TRAJ34,TRBJ1-2,QYIKWPWYI,2944.0
CTCGGAGGTAGGACAC-1-first_shot_10-1-0,CALSSGSSNTGKLIF,CASSLGTGGYEQYF,,,TRAV19,TRBV27,,,TRAJ37,TRBJ2-7,QYIKWPWYI,3063.0
CTCGTCACAGTTTACG-1-first_shot_10-1-0,CAVGEINAGNNRKLIW,CASSEGTGGYEQYF,,,TRAV8-3,TRBV2,,,TRAJ38,TRBJ2-7,NYNYLYRLF,3096.0
CTGAAGTTCGAGGTAG-1-first_shot_10-1-0,CAMRSNYQLIW,CASSYAQGAQFF,,,TRAV12-3,TRBV6-5,,,TRAJ33,TRBJ2-1,LTDEMIAQY,3155.0
CTGAAGTTCGTATCAG-1-first_shot_10-1-0,CAVIQGAQKLVF,CSVQRLSSYNEQFF,,,TRAV9-2,TRBV29-1,,,TRAJ54,TRBJ2-1,QYIKWPWYI,3158.0
CTGGTCTGTGACTCAT-1-first_shot_10-1-0,CLVGDWGDKLIF,CASSDTNEQFF,,,TRAV4,TRBV2,,,TRAJ34,TRBJ2-1,SPRRARSVA,3211.0
CTTACCGAGCTGTTCA-1-first_shot_10-1-0,CVVNIPRGSNYKLTF,CASSEGQGYEQYF,,,TRAV12-1,TRBV6-1,,,TRAJ53,TRBJ2-7,NYNYLYRLF,3241.0
GAAACTCCAGGCGATA-1-first_shot_10-1-0,CVVSPFSDGQKLLF,CSARAWDSSGVEQFF,,,TRAV12-1,TRBV20-1,,,TRAJ16,TRBJ2-1,QYIKWPWYI,3281.0
GACACGCAGATGGGTC-1-first_shot_10-1-0,CATDGNNNARLMF,CASSRYYTGVRYNEQFF,,,TRAV17,TRBV6-6,,,TRAJ31,TRBJ2-1,QYIKWPWYI,3344.0
GACAGAGGTAGAGTGC-1-first_shot_10-1-0,CAHSNNDMRF,CASSIGQVGYTF,,,TRAV6,TRBV19,,,TRAJ43,TRBJ1-2,QYIKWPWYI,3356.0
GACGGCTCATTTGCCC-1-first_shot_10-1-0,CVVMLDGDMRF,CACGPSRGYEQYF,,,TRAV12-1,TRBV30,,,TRAJ43,TRBJ2-7,NYNYLYRLF,3398.0
GAGGTGAGTTTGTTGG-1-first_shot_10-1-0,CAGRNDYGQNFVF,CAISEKLAGSADTQYF,,,TRAV25,TRBV10-3,,,TRAJ26,TRBJ2-3,QYIKWPWYI,3454.0
GAGTCCGAGAGTTGGC-1-first_shot_10-1-0,CAVTLLRRAGTALIF,CASSEGPGYEQYF,,,TRAV12-2,TRBV6-4,,,TRAJ15,TRBJ2-7,NYNYLYRLF,3458.0
GATCAGTAGACTAAGT-1-first_shot_10-1-0,CALSDSWGKLQF,CASSMVTVDQPQHF,,,TRAV19,TRBV19,,,TRAJ24,TRBJ1-5,LTDEMIAQY,3464.0
GATCGATGTAAGTTCC-1-first_shot_10-1-0,CAFFPMDTGRRALTF,CASSVANRATGDEQFF,,,TRAV24,TRBV9,,,TRAJ5,TRBJ2-1,QYIKWPWYI,3480.0
GATGAAAGTAAGCACG-1-first_shot_10-1-0,CAVRAWPMDSNYQLIW,CASSFDRSYEQYF,,,TRAV1-2,TRBV28,,,TRAJ33,TRBJ2-7,QYIKWPWYI,3508.0
GCACTCTCAATACGCT-1-first_shot_10-1-0,CAYRRYEKSSGDKLTF,CASSFRLSTFKNIQYF,,,TRAV38-2/DV8,TRBV13,,,TRAJ46,TRBJ2-4,QYIKWPWYI,3568.0
GCGCAACCACTTAACG-1-first_shot_10-1-0,CLVGDLGYNFNKFYF,CASSLWRDQPQHF,,,TRAV4,TRBV18,,,TRAJ21,TRBJ1-5,QYIKWPWYI,3654.0
GCGCCAAGTTGAACTC-1-first_shot_10-1-0,CAFMKLLNNDMRF,CASSLSPPDTQYF,,,TRAV38-1,TRBV27,,,TRAJ43,TRBJ2-3,NYNYLYRLF,3674.0
GCTCTGTAGAACAATC-1-first_shot_10-1-0,CVVNWYDYKLSF,CAWINDQNTGELFF,,,TRAV12-1,TRBV30,,,TRAJ20,TRBJ2-2,YLQPRTFLL,3695.0
GCTCTGTTCACATACG-1-first_shot_10-1-0,CAVSKRNDYKLSF,CASSAAGTGLPWSRFWRNTIYF,,,TRAV8-1,TRBV19,,,TRAJ20,TRBJ1-3,QYIKWPWYI,3702.0
GCTGCAGAGGGCACTA-1-first_shot_10-1-0,CAVQGGGGSYIPTF,CASSEGLSPYEQYF,,,TRAV20,TRBV2,,,TRAJ6,TRBJ2-7,NYNYLYRLF,3707.0
GGAATAACAATCTGCA-1-first_shot_10-1-0,CAPFSGYALNF,CSVAGQGTTGELFF,,,TRAV36/DV7,TRBV29-1,,,TRAJ41,TRBJ2-2,KCYGVSPTK,3772.0
GGACAGATCTGTACGA-1-first_shot_10-1-0,CAVNGDTGNQFYF,CASSAYGLAKEQFF,,,TRAV12-2,TRBV9,,,TRAJ49,TRBJ2-1,NYNYLYRLF,3795.0
GGGAATGTCGTCCGTT-1-first_shot_10-1-0,CATTTYIYNQGGKLIF,CSARDLDRAYEQYF,,,TRAV12-3,TRBV20-1,,,TRAJ23,TRBJ2-7,QYIKWPWYI,3883.0
GGGCACTAGTGGGCTA-1-first_shot_10-1-0,CAMGRGNEKLTF,CASRLIQDRGQETQYF,,,TRAV14/DV4,TRBV5-8,,,TRAJ48,TRBJ2-5,QYIKWPWYI,3909.0
GGGTTGCTCCCTCTTT-1-first_shot_10-1-0,CAMRSNYQLIW,CASSPSQGTQYF,,,TRAV12-3,TRBV27,,,TRAJ33,TRBJ2-3,LTDEMIAQY,3936.0
GGTGTTACACAGATTC-1-first_shot_10-1-0,CLVANNNDMRF,CASSPSDGYNEQFF,,,TRAV4,TRBV7-8,,,TRAJ43,TRBJ2-1,SPRRARSVA,3965.0
GTCACAATCGCCCTTA-1-first_shot_10-1-0,CAVSERGATNKLIF,CASQVMAKGQPQHF,,,TRAV8-6,TRBV2,,,TRAJ32,TRBJ1-5,QYIKWPWYI,4057.0
GTCACGGTCCAGAAGG-1-first_shot_10-1-0,CAPGTGAGSYQLTF,CASSPPRPYYHGYTF,,,TRAV12-3,TRBV7-2,,,TRAJ28,TRBJ1-2,QYIKWPWYI,11089.0
GTCATTTGTACCCAAT-1-first_shot_10-1-0,CAMEPARGSRLTF,CASSQDNRWSYQETQYF,,,TRAV14/DV4,TRBV3-1,,,TRAJ58,TRBJ2-5,QYIKWPWYI,4070.0
GTCGGGTTCCGGGTGT-1-first_shot_10-1-0,CILRELLNSGNTPLVF,CASSEVELAGNEQYF,,,TRAV26-2,TRBV2,,,TRAJ29,TRBJ2-7,QYIKWPWYI,4089.0
GTGCAGCAGTGTACCT-1-first_shot_10-1-0,CVVNLLMDSSYKLIF,CASSRTGGYEQYF,,,TRAV12-1,TRBV6-1,,,TRAJ12,TRBJ2-7,NYNYLYRLF,4132.0
GTGCATATCTCATTCA-1-first_shot_10-1-0,CAMRDGGADGLTF,CASSQDVRGSGTGELFF,,,TRAV14/DV4,TRBV14,,,TRAJ45,TRBJ2-2,QYIKWPWYI,4142.0
GTGGGTCCACAGACTT-1-first_shot_10-1-0,CAVNNAGNMLTF,CASSTYPRDDSTDTQYF,,,TRAV21,TRBV27,,,TRAJ39,TRBJ2-3,QYIKWPWYI,4159.0
GTGGGTCGTCGGCACT-1-first_shot_10-1-0,CAGLYNFNKFYF,CASSTLRGDNRGTEAFF,,,TRAV35,TRBV19,,,TRAJ21,TRBJ1-1,LTDEMIAQY,4160.0
TACTCATTCAGTTGAC-1-first_shot_10-1-0,CAASISDQAGTALIF,CASSFRPGPTEAFF,,,TRAV13-1,TRBV5-5,,,TRAJ15,TRBJ1-1,KCYGVSPTK,4310.0
TACTTGTGTTGTTTGG-1-first_shot_10-1-0,CAMREGYSGGGADGLTF,CASSEWRDPTDTQYF,,,TRAV14/DV4,TRBV2,,,TRAJ45,TRBJ2-3,NYNYLYRLF,4338.0
TAGAGCTAGCGAGAAA-1-first_shot_10-1-0,CAVTRGNTGFQKLVF,CASSVGRSYEQYF,,,TRAV12-2,TRBV9,,,TRAJ8,TRBJ2-7,QYIKWPWYI,4349.0
TAGAGCTAGTGCCAGA-1-first_shot_10-1-0,CAASLNYGGSQGNLIF,CASSSKDITVTEAFF,,,TRAV29/DV5,TRBV19,,,TRAJ42,TRBJ1-1,LTDEMIAQY,4350.0
TAGGCATTCGCATGAT-1-first_shot_10-1-0,CAVTYGQNFVF,CAISESAVEQYF,,,TRAV21,TRBV10-3,,,TRAJ26,TRBJ2-7,SPRRARSVA,4371.0
TAGTTGGCACACCGCA-1-first_shot_10-1-0,CAKAGGGNKLTF,CASSLTTGQGPHNEQFF,,,TRAV14/DV4,TRBV7-6,,,TRAJ10,TRBJ2-1,LTDEMIAQY,4386.0
TAGTTGGTCGCCTGAG-1-first_shot_10-1-0,CAASTTSGTYKYIF,CASHRPSYGYTF,,,TRAV29/DV5,TRBV5-6,,,TRAJ40,TRBJ1-2,QYIKWPWYI,4390.0
TATCTCAAGATCGATA-1-first_shot_10-1-0,CGTAFTGGFKTIF,CSVEARSPTYEQYF,,,TRAV30,TRBV29-1,,,TRAJ9,TRBJ2-7,QYIKWPWYI,4398.0
TCAGCAAGTCAGATAA-1-first_shot_10-1-0,CAGLEGAQKLVF,CATEDGNTEAFF,,,TRAV35,TRBV10-3,,,TRAJ54,TRBJ1-1,YLQPRTFLL,4459.0
TCAGGTATCCGGGTGT-1-first_shot_10-1-0,CVVNQDDKLIF,CAISEDSKNTGELFF,,,TRAV12-1,TRBV10-3,,,TRAJ34,TRBJ2-2,YLQPRTFLL,4486.0
TCATTACGTACCGTTA-1-first_shot_10-1-0,CAASAFYSFGNEKLTF,CASSLVGLAGGYEQFF,,,TRAV29/DV5,TRBV7-9,,,TRAJ48,TRBJ2-1,QYIKWPWYI,4490.0
TCGAGGCTCCGTTGCT-1-first_shot_10-1-0,CAFNEDRGGATNKLIF,CASLGRFYEQYF,,,TRAV38-1,TRBV2,,,TRAJ32,TRBJ2-7,QYIKWPWYI,4523.0
TCGCGAGTCGGTTCGG-1-first_shot_10-1-0,CAVNSAGNTPLVF,CASSLRLAGVLTTYNEQFF,,,TRAV12-2,TRBV7-6,,,TRAJ29,TRBJ2-1,QYIKWPWYI,4530.0
TCGGGACTCGGCGGTT-1-first_shot_10-1-0,CAGQRSGGSNYKLTF,CASTFQRLAGGLYNEQYF,,,TRAV9-2,TRBV5-5,,,TRAJ53,TRBJ2-7,LTDEMIAQY,4545.0
TCTGGAACATCAGTCA-1-first_shot_10-1-0,CIPLNNNAGNMLTF,CASSVWGGNSPLHF,,,TRAV26-2,TRBV9,,,TRAJ39,TRBJ1-6,KCYGVSPTK,4609.0
TGACTAGCATACTACG-1-first_shot_10-1-0,CAMEAVGGTYKYIF,CASSQEWGGGSIRTLPYEQYF,,,TRAV12-3,TRBV3-1,,,TRAJ40,TRBJ2-7,QYIKWPWYI,4665.0
TGACTAGTCCTGCAGG-1-first_shot_10-1-0,CVVNNNAGNMLTF,CAEGQMNTGELFF,,,TRAV12-1,TRBV7-8,,,TRAJ39,TRBJ2-2,YLQPRTFLL,4668.0
TGCCAAACATCACCCT-1-first_shot_10-1-0,CAVKDGNNRLAF,CASSSHPHSNQPQHF,,,TRAV12-2,TRBV7-9,,,TRAJ7,TRBJ1-5,QYIKWPWYI,4737.0
TGCTGCTCATAAGACA-1-first_shot_10-1-0,CVGMDSSYKLIF,CASSQDRAALETQYF,,,TRAV1-2,TRBV4-2,,,TRAJ12,TRBJ2-5,NYNYLYRLF,4802.0
TTAGGCACAAGCGCTC-1-first_shot_10-1-0,CVVGTGGQNFVF,CASSEGPTYEQYF,,,TRAV12-1,TRBV5-1,,,TRAJ26,TRBJ2-7,NYNYLYRLF,4922.0
TTCTACATCAGTTCGA-1-first_shot_10-1-0,CAVEFPSPYGGATNKLIF,CATSDKGGGQHQETQYF,,,TRAV2,TRBV24-1,,,TRAJ32,TRBJ2-5,QYIKWPWYI,4971.0
TTCTCAATCTCTAAGG-1-first_shot_10-1-0,CVVNMLTDSSYKLIF,CASSDGEGYEQYF,,,TRAV12-1,TRBV6-4,,,TRAJ12,TRBJ2-7,NYNYLYRLF,4980.0
TTGCCGTAGATCTGCT-1-first_shot_10-1-0,CATGYQKVTF,CASSHSGSPDTQYF,,,TRAV12-3,TRBV27,,,TRAJ13,TRBJ2-3,QYIKWPWYI,5019.0
TTTATGCGTTCGTGAT-1-first_shot_10-1-0,CALSEGETSGSRLTF,CASSFTSGRYNTYNEQFF,,,TRAV9-2,TRBV6-5,,,TRAJ58,TRBJ2-1,QYIKWPWYI,5061.0
AAACGGGCAGGCAGTA-1-second_shot_10-2-0,CAFRGPGGKLIF,CSGLQGNTEAFF,,,TRAV38-1,TRBV29-1,,,TRAJ23,TRBJ1-1,KCYGVSPTK,5111.0
AAATGCCAGGGTGTGT-1-second_shot_10-2-0,CAMREPRVDSSYKLIF,CASSPQSGGHTDTQYF,,,TRAV14/DV4,TRBV9,,,TRAJ12,TRBJ2-3,KCYGVSPTK,5131.0
AACCATGAGAGACGAA-1-second_shot_10-2-0,CAPRGYQKVTF,CASSIPRTANYGYTF,,,TRAV12-2,TRBV19,,,TRAJ13,TRBJ1-2,KCYGVSPTK,5145.0
AACTCAGTCAACCATG-1-second_shot_10-2-0,CAMRSNYQLIW,CASSEAQGPQHF,,,TRAV12-3,TRBV6-1,,,TRAJ33,TRBJ1-5,LTDEMIAQY,5170.0
AAGACCTTCTCATTCA-1-second_shot_10-2-0,CAVRDFDWGYGQNFVF,CASSLDPTGNYGYTF,,,TRAV3,TRBV11-2,,,TRAJ26,TRBJ1-2,QYIKWPWYI,5206.0
AAGTCTGAGTGTACGG-1-second_shot_10-2-0,CIVRDNNAGNMLTF,CASSPWGGNTEAFF,,,TRAV26-1,TRBV9,,,TRAJ39,TRBJ1-1,KCYGVSPTK,5231.0
AATCCAGGTTCGTGAT-1-second_shot_10-2-0,CATAGGLFGKLTF,CASSLAPNYGYTF,,,TRAV13-1,TRBV27,,,TRAJ48,TRBJ1-2,KCYGVSPTK,5242.0
AATCCAGTCGCTTGTC-1-second_shot_10-2-0,CGTEIRGKLIF,CASSLGFPNQPQHF,,,TRAV30,TRBV27,,,TRAJ34,TRBJ1-5,LTDEMIAQY,5245.0
AATCGGTGTTGATTGC-1-second_shot_10-2-0,CAVNGGGGSNYKLTF,CSVGTGWPYEQYF,,,TRAV12-2,TRBV29-1,,,TRAJ53,TRBJ2-7,LTDEMIAQY,5251.0
ACACCGGGTTGCCTCT-1-second_shot_10-2-0,CAATYNNAGNMLTF,CASSRPGQPATQYF,,,TRAV13-1,TRBV6-5,,,TRAJ39,TRBJ2-3,KCYGVSPTK,5271.0
ACACTGACAGATAATG-1-second_shot_10-2-0,CAMREWGHYGNNRLAF,CASSSTAVSSYNEQFF,,,TRAV12-3,TRBV28,,,TRAJ7,TRBJ2-1,QYIKWPWYI,5279.0
ACAGCCGAGGAGTCTG-1-second_shot_10-2-0,CAENMGGFGNVLHC,CASSGSSLGTEAFF,,,TRAV13-2,TRBV25-1,,,TRAJ35,TRBJ1-1,KCYGVSPTK,5284.0
ACATACGCATACGCCG-1-second_shot_10-2-0,CAGPWGGSQGNLIF,CASSFTGAETQYF,,,TRAV35,TRBV5-4,,,TRAJ42,TRBJ2-5,QYIKWPWYI,5301.0
ACCTTTAAGAATTCCC-1-second_shot_10-2-0,CAVGAYNQGGKLIF,CASSPRGVPETQYF,,,TRAV8-3,TRBV9,,,TRAJ23,TRBJ2-5,QYIKWPWYI,5331.0
ACCTTTACAAGCGATG-1-second_shot_10-2-0,CAVGPPGTASKLTF,CASRGYTIYF,,,TRAV39,TRBV12-3,,,TRAJ44,TRBJ1-3,KCYGVSPTK,5335.0
ACGAGGATCTGGAGCC-1-second_shot_10-2-0,CAMRSNYQLIW,CASSDPQETQYF,,,TRAV12-3,TRBV6-1,,,TRAJ33,TRBJ2-5,LTDEMIAQY,5356.0
ACGATGTCACAGGCCT-1-second_shot_10-2-0,CGTTISNFGNEKLTF,CASSERPGTNTGELFF,,,TRAV30,TRBV4-2,,,TRAJ48,TRBJ2-2,KCYGVSPTK,5361.0
ACGCCGAGTGCGATAG-1-second_shot_10-2-0,CVVITGNQFYF,CASSEGGLGYEQYF,,,TRAV12-1,TRBV2,,,TRAJ49,TRBJ2-7,NYNYLYRLF,5383.0
ACGGAGAGTAAGTGGC-1-second_shot_10-2-0,CVVNGWDRLMF,CASSVASGYEQYF,,,TRAV12-1,TRBV9,,,TRAJ31,TRBJ2-7,NYNYLYRLF,5389.0
ACGGGCTCACTGTCGG-1-second_shot_10-2-0,CLVGDGAAGNKLTF,CASSQTTGTDTQYF,,,TRAV4,TRBV4-1,,,TRAJ17,TRBJ2-3,SPRRARSVA,5403.0
ACGGGCTGTAAGGGCT-1-second_shot_10-2-0,CAVIPGNQFYF,CASSLLMDSPYSYEQYF,,,TRAV41,TRBV7-9,,,TRAJ49,TRBJ2-7,LTDEMIAQY,5405.0
ACGTCAAGTATCTGCA-1-second_shot_10-2-0,CATHSGYALNF,CASSLGGGQAEGYTF,,,TRAV17,TRBV7-2,,,TRAJ41,TRBJ1-2,KCYGVSPTK,5421.0
ACTGAACTCATGTGGT-1-second_shot_10-2-0,CVVNRLNDMRF,CSASPDQNTGELFF,,,TRAV12-1,TRBV20-1,,,TRAJ43,TRBJ2-2,YLQPRTFLL,5444.0
ACTGATGAGTGGGCTA-1-second_shot_10-2-0,CVVNNLDDMRF,CASSSVNTGELFF,,,TRAV12-1,TRBV5-1,,,TRAJ43,TRBJ2-2,YLQPRTFLL,5454.0
ACTGATGGTCACTGGC-1-second_shot_10-2-0,CAVSGLHQAGTALIF,CASSPYLKGGYNEQFF,,,TRAV20,TRBV4-1,,,TRAJ15,TRBJ2-1,QYIKWPWYI,5455.0
ACTGATGGTTCCGGCA-1-second_shot_10-2-0,CAATGGNKLVF,CASSHPLGVSSYEQYF,,,TRAV29/DV5,TRBV5-5,,,TRAJ47,TRBJ2-7,LTDEMIAQY,5458.0
ACTGTCCCAAGTTGTC-1-second_shot_10-2-0,CAVNWGGGSNYKLTF,CSVGQGWPYEQYF,,,TRAV12-2,TRBV29-1,,,TRAJ53,TRBJ2-7,LTDEMIAQY,5469.0
ACTTACTGTAGGCTGA-1-second_shot_10-2-0,CAVSDRPTPLVF,CASSFVLAGGWNTQYF,,,TRAV8-4,TRBV12-4,,,TRAJ29,TRBJ2-3,QYIKWPWYI,5479.0
AGACGTTGTTCCACGG-1-second_shot_10-2-0,CAVSRANQAGTALIF,CASSPWALGSPADAEAFF,,,TRAV21,TRBV28,,,TRAJ15,TRBJ1-1,QYIKWPWYI,5509.0
AGAGCGAGTAGGCATG-1-second_shot_10-2-0,CAPKPSGGSYIPTF,CASSPQGRMAYGYTF,,,TRAV25,TRBV7-9,,,TRAJ6,TRBJ1-2,NYNYLYRLF,5520.0
AGAGCTTCAGGCGATA-1-second_shot_10-2-0,CAYRRGGATNKLIF,CASSITVSRETQYF,,,TRAV38-2/DV8,TRBV19,,,TRAJ32,TRBJ2-5,KCYGVSPTK,5521.0
AGAGCTTGTGTCGCTG-1-second_shot_10-2-0,CAVSEKDYKLSF,CSADSGTWDEQFF,,,TRAV8-6,TRBV20-1,,,TRAJ20,TRBJ2-1,SPRRARSVA,5525.0
AGCCTAACACGCCAGT-1-second_shot_10-2-0,CAPGVGGADGLTF,CASSWTAKGEQYF,,,TRAV12-3,TRBV19,,,TRAJ45,TRBJ2-7,KCYGVSPTK,5563.0
AGCGGTCTCACGCATA-1-second_shot_10-2-0,CAAPRIKAAGNKLTF,CASRTIDLLAGEYEQYF,,,TRAV29/DV5,TRBV6-2,,,TRAJ17,TRBJ2-7,LTDEMIAQY,5576.0
AGCTTGAGTCAGGACA-1-second_shot_10-2-0,CAFMKHGKANNLFF,CSARDLGQAGGTEAFF,,,TRAV38-1,TRBV20-1,,,TRAJ36,TRBJ1-1,KCYGVSPTK,5606.0
AGGCCACAGTGACATA-1-second_shot_10-2-0,CAVDAGNNRKLIW,CASDLAGGREQFF,,,TRAV12-2,TRBV12-4,,,TRAJ38,TRBJ2-1,KCYGVSPTK,5608.0
AGGGAGTCACGTGAGA-1-second_shot_10-2-0,CIVGPGSSASKIIF,CASSSFLRGMNTEAFF,,,TRAV26-1,TRBV12-3,,,TRAJ3,TRBJ1-1,QYIKWPWYI,5622.0
AGGTCCGCAAGTACCT-1-second_shot_10-2-0,CVVNRDDDMRF,CASNPDRNTGELFF,,,TRAV12-1,TRBV3-1,,,TRAJ43,TRBJ2-2,YLQPRTFLL,5652.0
ATAAGAGAGTCCGTAT-1-second_shot_10-2-0,CALYNYKLSF,CASSPSDRLDEQYF,,,TRAV19,TRBV12-3,,,TRAJ20,TRBJ2-7,LTDEMIAQY,5701.0
ATAGACCTCGGTTCGG-1-second_shot_10-2-0,CAVSQGAQKLVF,CASSQDPRGRGNEQFF,,,TRAV12-2,TRBV4-3,,,TRAJ54,TRBJ2-1,KCYGVSPTK,5708.0
ATCATCTTCGGCGCTA-1-second_shot_10-2-0,CVVNMFGDSSYKLIF,CASSLGQGYEQYF,,,TRAV12-1,TRBV7-2,,,TRAJ12,TRBJ2-7,NYNYLYRLF,5729.0
ATCCACCCAGCCTATA-1-second_shot_10-2-0,CVVNPSGGYNKLIF,CASSEGGGSYEQYF,,,TRAV12-1,TRBV2,,,TRAJ4,TRBJ2-7,NYNYLYRLF,5737.0
ATCCACCGTCCGAAGA-1-second_shot_10-2-0,CIVRDNNAGNMLTF,CASSEWGGNQPQHF,,,TRAV26-1,TRBV9,,,TRAJ39,TRBJ1-5,KCYGVSPTK,5738.0
ATCGAGTGTGATGTCT-1-second_shot_10-2-0,CALTRDDKIIF,CASSYKRGWNYGYTF,,,TRAV19,TRBV19,,,TRAJ30,TRBJ1-2,KCYGVSPTK,5751.0
ATGAGGGCAATCAGAA-1-second_shot_10-2-0,CVVNMYDDMRF,CASIDSNTGELFF,,,TRAV12-1,TRBV5-1,,,TRAJ43,TRBJ2-2,YLQPRTFLL,5766.0
ATTTCTGAGAACTCGG-1-second_shot_10-2-0,CAVPPNDYKLSF,CASSFNMPLAKNIQYF,,,TRAV14/DV4,TRBV7-3,,,TRAJ20,TRBJ2-4,NYNYLYRLF,5825.0
CAACCTCGTCTAGCGC-1-second_shot_10-2-0,CAVRPGGAAGNKLTF,CASSPQPGYEQYF,,,TRAV21,TRBV27,,,TRAJ17,TRBJ2-7,KCYGVSPTK,5850.0
CAAGATCAGGTAAACT-1-second_shot_10-2-0,CALSEDSRRNNNNDMRF,CASSSGLFETQYF,,,TRAV19,TRBV28,,,TRAJ43,TRBJ2-5,QYIKWPWYI,5875.0
CAAGATCCATTCCTGC-1-second_shot_10-2-0,CVVNEISGYSTLTF,CASSPPGGGNTGELFF,,,TRAV12-1,TRBV5-6,,,TRAJ11,TRBJ2-2,YLQPRTFLL,5878.0
CAAGATCGTAGGACAC-1-second_shot_10-2-0,CASGPRNNNDMRF,CASSAGLKFEQYF,,,TRAV38-1,TRBV9,,,TRAJ43,TRBJ2-7,KCYGVSPTK,5879.0
CAAGATCTCCCAAGTA-1-second_shot_10-2-0,CAAPQGGSEKLVF,CASSLTGGRADTQYF,,,TRAV22,TRBV7-3,,,TRAJ57,TRBJ2-3,KCYGVSPTK,5883.0
CACACTCTCCCTAATT-1-second_shot_10-2-0,CATATGGATNKLIF,CASSSDQEWKFF,,,TRAV17,TRBV7-6,,,TRAJ32,TRBJ2-1,LTDEMIAQY,5918.0
CACAGGCAGAGCCTAG-1-second_shot_10-2-0,CAVEGGNKLVF,CASSQVTSGLASYEQYF,,,TRAV8-3,TRBV4-1,,,TRAJ47,TRBJ2-7,QYIKWPWYI,5919.0
CACAGTAAGGATGTAT-1-second_shot_10-2-0,CVVNSPSGNTPLVF,CSARDWAGMNTGELFF,,,TRAV12-1,TRBV20-1,,,TRAJ29,TRBJ2-2,YLQPRTFLL,5928.0
CACCACTCACTACAGT-1-second_shot_10-2-0,CVVSYPNDYKLSF,CAGQNRNTGELFF,,,TRAV10,TRBV2,,,TRAJ20,TRBJ2-2,YLQPRTFLL,5949.0
CACCTTGCAAACTGCT-1-second_shot_10-2-0,CAASPSNQAGTALIF,CASSFSPGAYEQYF,,,TRAV23/DV6,TRBV5-5,,,TRAJ15,TRBJ2-7,KCYGVSPTK,5962.0
CACCTTGGTACCAGTT-1-second_shot_10-2-0,CAAKDYGGSQGNLIF,CASSQAGQETQYF,,,TRAV23/DV6,TRBV4-1,,,TRAJ42,TRBJ2-5,QYIKWPWYI,5966.0
CACTCCATCAAGAAGT-1-second_shot_10-2-0,CIPLSNNAGNMLTF,CASSPWGGNSPLHF,,,TRAV26-2,TRBV9,,,TRAJ39,TRBJ1-6,KCYGVSPTK,5975.0
CAGCCGACATCTCCCA-1-second_shot_10-2-0,CAAKELGNKYIF,CASSLEVHTQYF,,,TRAV29/DV5,TRBV11-2,,,TRAJ40,TRBJ2-3,LTDEMIAQY,6012.0
CAGCTGGTCGGAAACG-1-second_shot_10-2-0,CAGFYLEFYF,CASSLMGPWGNTGELFF,,,TRAV3,TRBV7-9,,,TRAJ21,TRBJ2-2,QYIKWPWYI,6043.0
CATATGGTCACCAGGC-1-second_shot_10-2-0,CAASGAGGTSYGKLTF,CASSSQRDGPPDTQYF,,,TRAV29/DV5,TRBV11-2,,,TRAJ52,TRBJ2-3,QYIKWPWYI,6063.0
CCACCTAGTTAAAGAC-1-second_shot_10-2-0,CATVLPTRSGGYNKLIF,CAWRPAPVGELFF,,,TRAV17,TRBV30,,,TRAJ4,TRBJ2-2,KCYGVSPTK,6139.0
CCACCTAGTTCCAACA-1-second_shot_10-2-0,CVVNRDNDMRF,CALEDANTGELFF,,,TRAV12-1,TRBV12-4,,,TRAJ43,TRBJ2-2,YLQPRTFLL,6140.0
CCAGCGAGTGGCAAAC-1-second_shot_10-2-0,CALSDLGYGNKLVF,CSASPTGINYEQYF,,,TRAV19,TRBV20-1,,,TRAJ47,TRBJ2-7,QYIKWPWYI,6160.0
CCATGTCCAAGAGTCG-1-second_shot_10-2-0,CAFMKSAAGNKLTF,CASSFYGGQGYGYTF,,,TRAV38-1,TRBV27,,,TRAJ17,TRBJ1-2,QYIKWPWYI,6161.0
CCATGTCGTTAAGTAG-1-second_shot_10-2-0,CAVREGANNLFF,CASSQERAASTDTQYF,,,TRAV1-2,TRBV4-2,,,TRAJ36,TRBJ2-3,KCYGVSPTK,6163.0
CCTCAGTAGTGCCATT-1-second_shot_10-2-0,CVVNNVNSGYSTLTF,CSARSLDGENTGELFF,,,TRAV12-1,TRBV29-1,,,TRAJ11,TRBJ2-2,YLQPRTFLL,6248.0
CCTCTGAAGATGTTAG-1-second_shot_10-2-0,CAVGGGGGNKLTF,CASSLLWVGDYGYTF,,,TRAV21,TRBV11-2,,,TRAJ10,TRBJ1-2,LTDEMIAQY,6254.0
CCTTACGGTTCTGAAC-1-second_shot_10-2-0,CGTAPLTGNQFYF,CASSHSGTAYTEAFF,,,TRAV30,TRBV18,,,TRAJ49,TRBJ1-1,LTDEMIAQY,6265.0
CCTTACGTCCACGACG-1-second_shot_10-2-0,CAVRDGNNAGNMLTF,CASSPRQSMNTEAFF,,,TRAV3,TRBV27,,,TRAJ39,TRBJ1-1,KCYGVSPTK,6266.0
CGAATGTGTCGATTGT-1-second_shot_10-2-0,CAASGGAQKLVF,CASSYLVANTGELFF,,,TRAV29/DV5,TRBV7-6,,,TRAJ54,TRBJ2-2,LTDEMIAQY,6302.0
CGACCTTAGAAGGTGA-1-second_shot_10-2-0,CALSDANRDDKIIF,CAVGQGLYNEQFF,,,TRAV9-2,TRBV10-3,,,TRAJ30,TRBJ2-1,QYIKWPWYI,6306.0
CGACTTCGTCGCATCG-1-second_shot_10-2-0,CAVNVEEGSQGNLIF,CASSSPPISVATDTQYF,,,TRAV8-1,TRBV27,,,TRAJ42,TRBJ2-3,LTDEMIAQY,6319.0
CGAGCACCACTGTGTA-1-second_shot_10-2-0,CIPMNNNAGNMLTF,CASTPWGGGGYTF,,,TRAV26-2,TRBV9,,,TRAJ39,TRBJ1-2,KCYGVSPTK,6333.0
CGCGGTAGTTTGACTG-1-second_shot_10-2-0,CVAPSTGSYQLTF,CASSEGPSNTGELFF,,,TRAV12-1,TRBV2,,,TRAJ28,TRBJ2-2,QYIKWPWYI,6378.0
CGGCTAGTCGCGGATC-1-second_shot_10-2-0,CALSEADPNAGNNRKLIW,CSVGGAGGEKDTEAFF,,,TRAV19,TRBV29-1,,,TRAJ38,TRBJ1-1,KCYGVSPTK,6438.0
CGTAGCGCACTACAGT-1-second_shot_10-2-0,CASMDSNYQLIW,CASSPATSGNTDTQYF,,,TRAV1-2,TRBV6-4,,,TRAJ33,TRBJ2-3,NYNYLYRLF,6450.0
CGTAGCGTCACCCTCA-1-second_shot_10-2-0,CAASMFLDSNYQLIW,CASSPSAGYTEAFF,,,TRAV23/DV6,TRBV7-3,,,TRAJ33,TRBJ1-1,SPRRARSVA,6454.0
CGTAGGCTCGTCTGAA-1-second_shot_10-2-0,CIVSATNFGNEKLTF,CASRRTGKPYGYTF,,,TRAV26-1,TRBV25-1,,,TRAJ48,TRBJ1-2,KCYGVSPTK,6462.0
CGTCACTTCGGAATCT-1-second_shot_10-2-0,CVVNRGNDMRF,CASGDTNTGELFF,,,TRAV12-1,TRBV7-8,,,TRAJ43,TRBJ2-2,YLQPRTFLL,6467.0
CTAACTTTCAGTTTGG-1-second_shot_10-2-0,CALSEAPGRTGANNLFF,CASSLWGQGPYEQYF,,,TRAV19,TRBV5-1,,,TRAJ36,TRBJ2-7,QYIKWPWYI,6541.0
CTAATGGCACAAGCCC-1-second_shot_10-2-0,CASRSNYQLIW,CASSDAQAPQHF,,,TRAV12-3,TRBV6-1,,,TRAJ33,TRBJ1-5,LTDEMIAQY,6548.0
CTAATGGGTGTGCGTC-1-second_shot_10-2-0,CATGSGSRLTF,CASSPGGGQGEKLFF,,,TRAV17,TRBV7-3,,,TRAJ58,TRBJ1-4,KCYGVSPTK,6550.0
CTAATGGTCACTTACT-1-second_shot_10-2-0,CALSARGGNSGGYQKVTF,CASSQEGGSPSYEQYF,,,TRAV9-2,TRBV4-2,,,TRAJ13,TRBJ2-7,KCYGVSPTK,6551.0
CTACATTCAATGGAAT-1-second_shot_10-2-0,CAVRLRNSGNTPLVF,CASSQELELKNTEAFF,,,TRAV3,TRBV4-2,,,TRAJ29,TRBJ1-1,KCYGVSPTK,6561.0
CTACGTCAGGACGAAA-1-second_shot_10-2-0,CVVNSPEGGGNKLTF,CASSSLNSLEAFF,,,TRAV12-1,TRBV7-2,,,TRAJ10,TRBJ1-1,YLQPRTFLL,6579.0
CTAGCCTTCAGAGGTG-1-second_shot_10-2-0,CVVNNPGAGSYQLTF,CASSLVEGGNTGELFF,,,TRAV12-1,TRBV9,,,TRAJ28,TRBJ2-2,YLQPRTFLL,6594.0
CTAGTGACAGACAAGC-1-second_shot_10-2-0,CAGTWFSGGYNKLIF,CASSQDLDGYSPSKYNEQFF,,,TRAV22,TRBV14,,,TRAJ4,TRBJ2-1,QYIKWPWYI,6598.0
CTCACACGTCTAGTGT-1-second_shot_10-2-0,CAVNMLPGGGADGLTF,CASSPDIEAFF,,,TRAV12-2,TRBV7-9,,,TRAJ45,TRBJ1-1,YLQPRTFLL,6604.0
CTCGGAGAGTGAACAT-1-second_shot_10-2-0,CAASISNQAGTALIF,CASSHSPGPYEQYF,,,TRAV23/DV6,TRBV5-5,,,TRAJ15,TRBJ2-7,KCYGVSPTK,6632.0
CTCGGAGCAAGCGAGT-1-second_shot_10-2-0,CIVGGAQKLVF,CASSLPGGNTEAFF,,,TRAV26-1,TRBV4-1,,,TRAJ54,TRBJ1-1,KCYGVSPTK,6633.0
CTGAAGTTCTACCTGC-1-second_shot_10-2-0,CVVNKEDNLFF,CASSGGIETSGNTGELFF,,,TRAV12-1,TRBV9,,,TRAJ36,TRBJ2-2,YLQPRTFLL,6688.0
CTGATAGTCTGGTTCC-1-second_shot_10-2-0,CAVNAGTYKYIF,CASSLRVNGAPEQYF,,,TRAV8-1,TRBV27,,,TRAJ40,TRBJ2-7,KCYGVSPTK,6692.0
CTTAACTCAAGCCGTC-1-second_shot_10-2-0,CAGSRTGTALIF,CASSTGIVTGANVLTF,,,TRAV5,TRBV27,,,TRAJ15,TRBJ2-6,LTDEMIAQY,6743.0
CTTAGGAGTACGACCC-1-second_shot_10-2-0,CVVKSGGSYIPTF,CASSLVPPTSVYYNEQFF,,,TRAV12-1,TRBV11-2,,,TRAJ6,TRBJ2-1,LTDEMIAQY,6755.0
CTTCTCTGTGCTCTTC-1-second_shot_10-2-0,CAGPRIMIKAAGNKLTF,CASSLDIEAFF,,,TRAV25,TRBV7-9,,,TRAJ17,TRBJ1-1,YLQPRTFLL,6763.0
GAACCTACATGCCACG-1-second_shot_10-2-0,CAYRRWRGGGADGLTF,CASSHWGLKETQYF,,,TRAV38-2/DV8,TRBV14,,,TRAJ45,TRBJ2-5,QYIKWPWYI,6789.0
GAACGGATCGCCCTTA-1-second_shot_10-2-0,CALSPNAGTASKLTF,CSARDMGQTNEKLFF,,,TRAV19,TRBV20-1,,,TRAJ44,TRBJ1-4,KCYGVSPTK,6802.0
GAATAAGGTAACGCGA-1-second_shot_10-2-0,CATKRGADGLTF,CASSYGGDVYGYTF,,,TRAV17,TRBV6-5,,,TRAJ45,TRBJ1-2,LTDEMIAQY,6808.0
GAATGAATCGGAGGTA-1-second_shot_10-2-0,CAAIRYSGAGSYQLTF,CSARDTGLAGLEQFF,,,TRAV23/DV6,TRBV20-1,,,TRAJ28,TRBJ2-1,QYIKWPWYI,6822.0
GACACGCGTAAGTTCC-1-second_shot_10-2-0,CAVRDGGNQGGKLIF,CASSIGRGREQYF,,,TRAV3,TRBV19,,,TRAJ23,TRBJ2-7,KCYGVSPTK,6827.0
GACCAATTCCGAACGC-1-second_shot_10-2-0,CAGRSNYQLIW,CAWSPSGSPLEQYF,,,TRAV12-3,TRBV30,,,TRAJ33,TRBJ2-7,LTDEMIAQY,6844.0
GACGCGTGTTCAACCA-1-second_shot_10-2-0,CAASISNQAGTALIF,CASSPLAGGAYGYTF,,,TRAV23/DV6,TRBV5-5,,,TRAJ15,TRBJ1-2,KCYGVSPTK,6859.0
GATCGATCACATAACC-1-second_shot_10-2-0,CLVEGGYSTLTF,CSAGGVDYGYTF,,,TRAV4,TRBV29-1,,,TRAJ11,TRBJ1-2,SPRRARSVA,6914.0
GATCTAGTCCTAGAAC-1-second_shot_10-2-0,CAVRGQGAQKLVF,CASSLEWNYGYTF,,,TRAV12-2,TRBV14,,,TRAJ54,TRBJ1-2,LTDEMIAQY,6928.0
GATGAAAAGGTAAACT-1-second_shot_10-2-0,CAVGPGGYALNF,CASSPLSGTTQTQYF,,,TRAV21,TRBV27,,,TRAJ41,TRBJ2-5,KCYGVSPTK,6931.0
GATGAGGAGTGTGGCA-1-second_shot_10-2-0,CAYRSVSGGGADGLTF,CASSLPGGNTEAFF,,,TRAV38-2/DV8,TRBV4-1,,,TRAJ45,TRBJ1-1,KCYGVSPTK,6937.0
GCAAACTGTTCGAATC-1-second_shot_10-2-0,CALSGTGNQFYF,CATSDLHRGPVRAGITDTQYF,,,TRAV16,TRBV24-1,,,TRAJ49,TRBJ2-3,QYIKWPWYI,6953.0
GCACTCTTCGAATGCT-1-second_shot_10-2-0,CAVDDPSSGTYKYIF,CASTLPGASGTSSSYNEQFF,,,TRAV39,TRBV13,,,TRAJ40,TRBJ2-1,KCYGVSPTK,6971.0
GCAGTTATCACGCATA-1-second_shot_10-2-0,CAVSEYGNKLVF,CASSPNSAGGLFF,,,TRAV8-4,TRBV5-6,,,TRAJ47,TRBJ2-2,QYIKWPWYI,6982.0
GCATACACATCAGTCA-1-second_shot_10-2-0,CAAPESGYSTLTF,CASSVGEGAQYF,,,TRAV13-1,TRBV9,,,TRAJ11,TRBJ2-5,SPRRARSVA,6992.0
GCATACAGTATATGGA-1-second_shot_10-2-0,CAMRNNYQLIW,CASSQDGQGMHTF,,,TRAV12-3,TRBV14,,,TRAJ33,TRBJ1-2,LTDEMIAQY,6993.0
GCATACAGTTCAACCA-1-second_shot_10-2-0,CAVNIDKLVF,CSAPPQNQETQYF,,,TRAV12-2,TRBV20-1,,,TRAJ54,TRBJ2-5,RLQSLQTYV,6995.0
GCGAGAATCCCGACTT-1-second_shot_10-2-0,CALSEPNYGGSQGNLIF,CASTRFSTSGRETQYF,,,TRAV19,TRBV6-5,,,TRAJ42,TRBJ2-5,KCYGVSPTK,7036.0
GCTCTGTCATGGTAGG-1-second_shot_10-2-0,CARRGYNQGGKLIF,CASSETSGYNYEQYF,,,TRAV16,TRBV6-5,,,TRAJ23,TRBJ2-7,NYNYLYRLF,7069.0
GCTTCCACATGGTCAT-1-second_shot_10-2-0,CAMREASGNQFYF,CASSQDHARRWAHNEQFF,,,TRAV14/DV4,TRBV4-2,,,TRAJ49,TRBJ2-1,KCYGVSPTK,7093.0
GCTTCCAGTTACCAGT-1-second_shot_10-2-0,CASPNTGGFKTIF,CAWRLQGAGEQYF,,,TRAV14/DV4,TRBV30,,,TRAJ9,TRBJ2-7,LTDEMIAQY,7094.0
GCTTGAACAACAACCT-1-second_shot_10-2-0,CAVPNTGNQFYF,CASSLRVLAVGEQFF,,,TRAV21,TRBV6-5,,,TRAJ49,TRBJ2-1,KCYGVSPTK,7097.0
GGAAAGCAGGGCTCTC-1-second_shot_10-2-0,CAYRRGGFGNVLHC,CASTNRGDISYEQYF,,,TRAV38-2/DV8,TRBV6-6,,,TRAJ35,TRBJ2-7,LTDEMIAQY,7100.0
GGAACTTTCACTCCTG-1-second_shot_10-2-0,CAVKEGFGNEKLTF,CASRDRTGRAYEQYF,,,TRAV12-2,TRBV28,,,TRAJ48,TRBJ2-7,KCYGVSPTK,7107.0
GGACGTCCAATGTAAG-1-second_shot_10-2-0,CALSAFSGTYKYIF,CASSSVVADGVWGLVGTQYF,,,TRAV9-2,TRBV5-4,,,TRAJ40,TRBJ2-3,QYIKWPWYI,7134.0
GGACGTCTCATCTGCC-1-second_shot_10-2-0,CAVNIVNNNAGNMLTF,CASSEYRTVGYEQYF,,,TRAV12-2,TRBV2,,,TRAJ39,TRBJ2-7,NYNYLYRLF,7135.0
GGCAATTAGTGACTCT-1-second_shot_10-2-0,CAASGGNQFYF,CASSAPGGVDTGELFF,,,TRAV29/DV5,TRBV5-5,,,TRAJ49,TRBJ2-2,LTDEMIAQY,7156.0
GGGAGATGTGTGCGTC-1-second_shot_10-2-0,CVVTPMNYGGATNKLIF,CASSLWRGKPETQYF,,,TRAV12-1,TRBV14,,,TRAJ32,TRBJ2-5,KCYGVSPTK,7192.0
GGGCACTTCTGAGTGT-1-second_shot_10-2-0,CAGARDNAGNMLTF,CASSPRDGFYEQYF,,,TRAV27,TRBV7-2,,,TRAJ39,TRBJ2-7,QYIKWPWYI,7208.0
GGGCATCCAAGACGTG-1-second_shot_10-2-0,CAASRGIKAAGNKLTF,CASSIPRTAVYGYTF,,,TRAV13-1,TRBV19,,,TRAJ17,TRBJ1-2,KCYGVSPTK,7210.0
GGGCATCCATGCCTTC-1-second_shot_10-2-0,CVVNKEDDMRF,CSARDQRQHNTGELFF,,,TRAV12-1,TRBV20-1,,,TRAJ43,TRBJ2-2,YLQPRTFLL,7212.0
GGTGCGTAGCGATTCT-1-second_shot_10-2-0,CAFSGGSNYKLTF,CATSSGTSMADTQYF,,,TRAV24,TRBV15,,,TRAJ53,TRBJ2-3,QYIKWPWYI,7240.0
GTACTTTTCTGTCAAG-1-second_shot_10-2-0,CALRSPAAGNKLTF,CASSFAEGTQYF,,,TRAV16,TRBV27,,,TRAJ17,TRBJ2-5,LTDEMIAQY,7287.0
GTATTCTAGTGTGAAT-1-second_shot_10-2-0,CVVNYGQNFVF,CASSVGGGSYEQYF,,,TRAV12-1,TRBV9,,,TRAJ26,TRBJ2-7,NYNYLYRLF,7314.0
GTCAAGTTCGTTTAGG-1-second_shot_10-2-0,CAGQLIQGAQKLVF,CASSAPGQALRNEQFF,,,TRAV35,TRBV10-2,,,TRAJ54,TRBJ2-1,QYIKWPWYI,7324.0
GTCTCGTCACGGCGTT-1-second_shot_10-2-0,CAASPSNQAGTALIF,CASSFGPGAYEQYF,,,TRAV23/DV6,TRBV5-5,,,TRAJ15,TRBJ2-7,KCYGVSPTK,7356.0
GTCTTCGGTAATCACC-1-second_shot_10-2-0,CAVNPLLRGSGDKLTF,CASSPDIEQFF,,,TRAV12-2,TRBV7-9,,,TRAJ46,TRBJ2-1,YLQPRTFLL,7364.0
GTGTTAGTCACTGGGC-1-second_shot_10-2-0,CVVNRADGLTF,CASTDGNTGELFF,,,TRAV12-1,TRBV12-3,,,TRAJ45,TRBJ2-2,YLQPRTFLL,7411.0
GTTAAGCTCGCTGATA-1-second_shot_10-2-0,CVVNMRFRNTGFQKLVF,CASSYPPDRRAEAFF,,,TRAV12-1,TRBV7-9,,,TRAJ8,TRBJ1-1,QYIKWPWYI,7423.0
GTTACAGCAAGTCTAC-1-second_shot_10-2-0,CVVTVINRGGSQGNLIF,CASSENQGYEQYF,,,TRAV12-1,TRBV2,,,TRAJ42,TRBJ2-7,NYNYLYRLF,7424.0
GTTCATTAGTGACTCT-1-second_shot_10-2-0,CAASDPNSGYALNF,CASSPFAGANVLTF,,,TRAV13-1,TRBV9,,,TRAJ41,TRBJ2-6,KCYGVSPTK,7430.0
TAAGTGCTCATCACCC-1-second_shot_10-2-0,CAARWGTTDSWGKLQF,CASSEVARVYQPQHF,,,TRAV29/DV5,TRBV6-1,,,TRAJ24,TRBJ1-5,QYIKWPWYI,7487.0
TACACGAAGCGGCTTC-1-second_shot_10-2-0,CATNGGSRLTF,CASSLGGGQQETQYF,,,TRAV17,TRBV7-3,,,TRAJ58,TRBJ2-5,KCYGVSPTK,7489.0
TACACGAAGTTGAGTA-1-second_shot_10-2-0,CIARYNDYKLSF,CSARPRQVHRGVYTEAFF,,,TRAV26-1,TRBV20-1,,,TRAJ20,TRBJ1-1,QYIKWPWYI,7491.0
TACCTATGTAAATACG-1-second_shot_10-2-0,CAAREGNTGFQKLVF,CSAPRTPPRDEQYF,,,TRAV29/DV5,TRBV20-1,,,TRAJ8,TRBJ2-7,KCYGVSPTK,7506.0
TACTTACGTTACCGAT-1-second_shot_10-2-0,CVVNMPSFGNVLHC,CAGQGANTGELFF,,,TRAV12-1,TRBV19,,,TRAJ35,TRBJ2-2,YLQPRTFLL,7559.0
TAGACCACAAGTTAAG-1-second_shot_10-2-0,CAVALRSNDYKLSF,CASSLRETQYF,,,TRAV8-3,TRBV7-4,,,TRAJ20,TRBJ2-5,QYIKWPWYI,7572.0
TAGAGCTGTCTCCACT-1-second_shot_10-2-0,CAATPSNQAGTALIF,CASTWGPAKNIQYF,,,TRAV23/DV6,TRBV5-5,,,TRAJ15,TRBJ2-4,KCYGVSPTK,7577.0
TAGTTGGAGCCACGTC-1-second_shot_10-2-0,CVVSESSNSGYALNF,CASRLAGVVDTQYF,,,TRAV10,TRBV25-1,,,TRAJ41,TRBJ2-3,KCYGVSPTK,7601.0
TCATTACAGCGTTCCG-1-second_shot_10-2-0,CAVKSGFGNEKLTF,CASRPRQGRAYEQYF,,,TRAV12-2,TRBV28,,,TRAJ48,TRBJ2-7,KCYGVSPTK,7690.0
TCATTTGGTTCAGGCC-1-second_shot_10-2-0,CVVTPGSARQLTF,CASSQEPDFAAKNIQYF,,,TRAV12-1,TRBV4-3,,,TRAJ22,TRBJ2-4,KCYGVSPTK,7699.0
TCGGGACTCATACGGT-1-second_shot_10-2-0,CAVRAGNTPLVF,CASSYTTGTVIPNTEAFF,,,TRAV21,TRBV6-2,,,TRAJ29,TRBJ1-1,LTDEMIAQY,7734.0
TCGTAGATCGTTACAG-1-second_shot_10-2-0,CVANRDDKIIF,CASSGMLERNTGELFF,,,TRAV12-1,TRBV2,,,TRAJ30,TRBJ2-2,YLQPRTFLL,7750.0
TCTCATATCGTTACGA-1-second_shot_10-2-0,CAMRSNYQLIW,CASSDRQGVDAF,,,TRAV12-3,TRBV6-1,,,TRAJ33,TRBJ1-2,LTDEMIAQY,7758.0
TCTGAGATCCCTTGTG-1-second_shot_10-2-0,CAAHVLRAGSYQLTF,CATSDLRGFSNQPQHF,,,TRAV23/DV6,TRBV24-1,,,TRAJ28,TRBJ1-5,QYIKWPWYI,7779.0
TCTGGAAAGGCTAGGT-1-second_shot_10-2-0,CATGLNDMRF,CASSWAGLPPREQYF,,,TRAV17,TRBV19,,,TRAJ43,TRBJ2-7,KCYGVSPTK,7782.0
TGAAAGAAGGCATGGT-1-second_shot_10-2-0,CAGGGSQGNLIF,CAWSEVLAGGRIPQYF,,,TRAV24,TRBV30,,,TRAJ42,TRBJ2-3,LTDEMIAQY,7808.0
TGACTAGCAACGCACC-1-second_shot_10-2-0,CAVERIQGAQKLVF,CASSLCPSLPWGSVCSYNSPLHF,,,TRAV36/DV7,TRBV28,,,TRAJ54,TRBJ1-6,QYIKWPWYI,7827.0
TGATTTCCAGGGTTAG-1-second_shot_10-2-0,CTSLNNNAGNMLTF,CASSEWGANQPQHF,,,TRAV26-2,TRBV9,,,TRAJ39,TRBJ1-5,KCYGVSPTK,7863.0
TGCGGGTTCGTGGACC-1-second_shot_10-2-0,CAQNAGNMLTF,CASSLAPNTEAFF,,,TRAV5,TRBV27,,,TRAJ39,TRBJ1-1,LTDEMIAQY,7894.0
TGGACGCAGTCATGCT-1-second_shot_10-2-0,CAVRDARLMF,CASSNRGPQETQYF,,,TRAV21,TRBV6-6,,,TRAJ31,TRBJ2-5,LTDEMIAQY,7911.0
TGGCCAGCAGCTCGCA-1-second_shot_10-2-0,CAPYSNTGNQFYF,CASSPWGGTGELFF,,,TRAV39,TRBV9,,,TRAJ49,TRBJ2-2,KCYGVSPTK,7918.0
TGGGCGTTCGTGGTCG-1-second_shot_10-2-0,CAAPRGGVLHC,CASRADNTDTQYF,,,TRAV23/DV6,TRBV6-4,,,TRAJ35,TRBJ2-3,RLQSLQTYV,7931.0
TGGTTCCAGTGGTAGC-1-second_shot_10-2-0,CAASPGNQFYF,CASSSPLGLDTGELFF,,,TRAV29/DV5,TRBV5-5,,,TRAJ49,TRBJ2-2,LTDEMIAQY,7936.0
AAACCTGTCACGAAGG-1-second_shot_210-3-0,CAVGRYSSASKIIF,CASSSRLAGDEQFF,,,TRAV8-1,TRBV13,,,TRAJ3,TRBJ2-1,YTNSFTRGVY,8122.0
AACCATGCATGTTGAC-1-second_shot_210-3-0,CAVNRGGSNYKLTF,CSVGTGWPYEQYF,,,TRAV12-2,TRBV29-1,,,TRAJ53,TRBJ2-7,LTDEMIAQY,8172.0
AACGTTGCAGAAGCAC-1-second_shot_210-3-0,CAEMMDSSYKLIF,CASSPGLSYEQYF,,,TRAV5,TRBV3-1,,,TRAJ12,TRBJ2-7,YLQPRTFLL,8191.0
ACACTGACACAGGAGT-1-second_shot_210-3-0,CAMRGNDYKLSF,CAISEKAVSYNEQFF,,,TRAV12-3,TRBV10-3,,,TRAJ20,TRBJ2-1,KCYGVSPTK,8262.0
ACTGATGGTTATTCTC-1-second_shot_210-3-0,CAGGGGADGLTF,CASSYPSPDTQYF,,,TRAV21,TRBV6-6,,,TRAJ45,TRBJ2-3,LTDEMIAQY,8395.0
AGCAGCCCAATAGCAA-1-second_shot_210-3-0,CVVNNNNDMRF,CARGQENTGELFF,,,TRAV12-1,TRBV7-8,,,TRAJ43,TRBJ2-2,YLQPRTFLL,8472.0
AGCATACAGTAATCCC-1-second_shot_210-3-0,CAVYFRSNDYKLSF,CSATGTVNYEQYF,,,TRAV21,TRBV20-1,,,TRAJ20,TRBJ2-7,LTDEMIAQY,8483.0
CCACCTACAGGGCATA-1-second_shot_210-3-0,CAAWSRGTGNQFYF,CSARDRWEGRTNEQFF,,,TRAV29/DV5,TRBV20-1,,,TRAJ49,TRBJ2-1,LTDEMIAQY,8915.0
CGATCGGTCTCATTCA-1-second_shot_210-3-0,CILDNNAGNMLTF,CASSELVQETQYF,,,TRAV26-2,TRBV6-1,,,TRAJ39,TRBJ2-5,SPRRARSVA,9074.0
CGGAGCTAGAGTAAGG-1-second_shot_210-3-0,CATFQGAQKLVF,CASSFSDDYEQYF,,,TRAV8-2,TRBV11-2,,,TRAJ54,TRBJ2-7,LTDEMIAQY,9130.0
CTCCTAGGTCTGGAGA-1-second_shot_210-3-0,CVVRDSSYKLIF,CASSQEQRGGLGRTDTQYF,,,TRAV10,TRBV4-2,,,TRAJ12,TRBJ2-3,KCYGVSPTK,9281.0
GCTGGGTTCCCTTGTG-1-second_shot_210-3-0,CAYRRGLGQFYF,CASSQEAAPQTGELFF,,,TRAV38-2/DV8,TRBV4-2,,,TRAJ49,TRBJ2-2,KCYGVSPTK,9670.0
GGCTGGTTCGCACTCT-1-second_shot_210-3-0,CAVEGQAGTALIF,CSVEVRGGPYEQYF,,,TRAV36/DV7,TRBV29-1,,,TRAJ15,TRBJ2-7,KCYGVSPTK,9745.0
GTACGTATCTAGAGTC-1-second_shot_210-3-0,CVVNELDDMRF,CASAGPNTGELFF,,,TRAV12-1,TRBV5-1,,,TRAJ43,TRBJ2-2,YLQPRTFLL,9825.0
GTTCATTGTTTGGCGC-1-second_shot_210-3-0,CVVNTPNSGYALNF,CASSELAGGNTGELFF,,,TRAV12-1,TRBV3-1,,,TRAJ41,TRBJ2-2,YLQPRTFLL,9961.0
TAAACCGCATTGAGCT-1-second_shot_210-3-0,CAVDSSFQGAQKLVF,CASSLPDSYEQYF,,,TRAV39,TRBV6-2,,,TRAJ54,TRBJ2-7,YLQPRTFLL,9973.0
TAAGCGTTCGCAAGCC-1-second_shot_210-3-0,CVVNKEDRLMF,CASRGGSGANTGELFF,,,TRAV12-1,TRBV2,,,TRAJ31,TRBJ2-2,YLQPRTFLL,9983.0
TATCTCAAGCACCGCT-1-second_shot_210-3-0,CILMGNQAGTALIF,CASSIRLAGAGELFF,,,TRAV26-2,TRBV19,,,TRAJ15,TRBJ2-2,KCYGVSPTK,10087.0
TGCTACCAGAGGTTGC-1-second_shot_210-3-0,CALYGNNRLAF,CASSPTGGSYGYTF,,,TRAV8-1,TRBV11-2,,,TRAJ7,TRBJ1-2,RLQSLQTYV,10301.0
TTTGTCATCGGAAACG-1-second_shot_210-3-0,CVVNRSHGNKLVF,CASSEMGRRNTIYF,,,TRAV12-1,TRBV25-1,,,TRAJ47,TRBJ1-3,VLNDILSRL,10496.0
AAAGCAAAGTGATCGG-1-third_shot_10-4-0,CAVGGSQGGSEKLVF,CASSVEGGQGAISEQYF,,,TRAV21,TRBV9,,,TRAJ57,TRBJ2-7,KCYGVSPTK,10507.0
ACACCAACACTTAACG-1-third_shot_10-4-0,CVVNREDRLMF,CSAHRERNTGELFF,,,TRAV12-1,TRBV29-1,,,TRAJ31,TRBJ2-2,YLQPRTFLL,10563.0
ACCGTAACACATGACT-1-third_shot_10-4-0,CAYRRVGTASKLTF,CASSGAQGLGRGF,,,TRAV38-2/DV8,TRBV12-3,,,TRAJ44,TRBJ1-2,KCYGVSPTK,10603.0
ACGAGGATCGCCTGAG-1-third_shot_10-4-0,CAVREYNTDKLIF,CASSFATGYKSF,,,TRAV9-2,TRBV27,,,TRAJ34,TRBJ2-1,LTDEMIAQY,10623.0
ACGGGCTGTACGCACC-1-third_shot_10-4-0,CAVGNAGNMLTF,CASGVAGPYEQYF,,,TRAV36/DV7,TRBV6-5,,,TRAJ39,TRBJ2-7,KCYGVSPTK,10652.0
AGAGTGGCATCATCCC-1-third_shot_10-4-0,CVVNIINSGAGSYQLTF,CASSEAQGYEQYF,,,TRAV12-1,TRBV6-1,,,TRAJ28,TRBJ2-7,NYNYLYRLF,10704.0
AGCAGCCTCCGTTGTC-1-third_shot_10-4-0,CAGHRGTPTDSWGKLQF,CASRPNSQGGRGYTF,,,TRAV35,TRBV27,,,TRAJ24,TRBJ1-2,KCYGVSPTK,10715.0
AGGCCACGTCACCCAG-1-third_shot_10-4-0,CAFNSLSDGQKLLF,CASSQGQGLGPQHF,,,TRAV24,TRBV5-6,,,TRAJ16,TRBJ1-5,QYIKWPWYI,10736.0
AGGGTGAAGTTGTAGA-1-third_shot_10-4-0,CAFMKHRDNDMRF,CASSAPAGLAGSDTGELFF,,,TRAV38-1,TRBV9,,,TRAJ43,TRBJ2-2,KCYGVSPTK,10745.0
AGGGTGATCAAAGACA-1-third_shot_10-4-0,CAVNTGNQFYF,CASRWSPGELFF,,,TRAV20,TRBV11-2,,,TRAJ49,TRBJ2-2,LTDEMIAQY,10748.0
AGGGTGATCCTTTACA-1-third_shot_10-4-0,CVVNKEDKLSF,CSARDLLAANTGELFF,,,TRAV12-1,TRBV20-1,,,TRAJ20,TRBJ2-2,YLQPRTFLL,10749.0
ATCCGAAGTCAGAGGT-1-third_shot_10-4-0,CAVGPGAGSYQLTF,CASRIGSGGELFF,,,TRAV22,TRBV19,,,TRAJ28,TRBJ2-2,KCYGVSPTK,10799.0
ATGCGATAGTCTCAAC-1-third_shot_10-4-0,CAVRDSGGGADGLTF,CSVPGLVFPGELFF,,,TRAV3,TRBV29-1,,,TRAJ45,TRBJ2-2,LTDEMIAQY,10813.0
ATTCTACGTGCCTGTG-1-third_shot_10-4-0,CAVNPRGGGSNYKLTF,CSAQTAWPYEQYF,,,TRAV12-2,TRBV29-1,,,TRAJ53,TRBJ2-7,LTDEMIAQY,10832.0
CAACCAATCGTTGACA-1-third_shot_10-4-0,CVVNLPSGNTPLVF,CSARDTGAQNTGELFF,,,TRAV12-1,TRBV20-1,,,TRAJ29,TRBJ2-2,YLQPRTFLL,10854.0
CAAGAAAGTGAAGGCT-1-third_shot_10-4-0,CANQAGTALIF,CASSPSGGQSDEQYF,,,TRAV17,TRBV7-3,,,TRAJ15,TRBJ2-7,KCYGVSPTK,10867.0
CAAGATCCAGGTCTCG-1-third_shot_10-4-0,CAGRLNNAGNMLTF,CASSLFWGGTGHEQFF,,,TRAV35,TRBV27,,,TRAJ39,TRBJ2-1,KCYGVSPTK,10870.0
CACAGGCGTAGAAGGA-1-third_shot_10-4-0,CILTNNNAGNMLTF,CASSISLGKEAFF,,,TRAV26-2,TRBV19,,,TRAJ39,TRBJ1-1,KCYGVSPTK,10889.0
CACAGTACAACTTGAC-1-third_shot_10-4-0,CVVTPEWNAGNMLTF,CASSVDGGVGEQYF,,,TRAV12-1,TRBV9,,,TRAJ39,TRBJ2-7,KCYGVSPTK,10893.0
CACCAGGAGCCTTGAT-1-third_shot_10-4-0,CAASTFGRDTDKLIF,CASRELAAYMETQYF,,,TRAV29/DV5,TRBV27,,,TRAJ34,TRBJ2-5,QYIKWPWYI,10905.0
CACTCCATCCTCAATT-1-third_shot_10-4-0,CAVEPGANNLFF,CSFWTGNTGELFF,,,TRAV36/DV7,TRBV29-1,,,TRAJ36,TRBJ2-2,KCYGVSPTK,10922.0
CCCAATCTCTCTAGGA-1-third_shot_10-4-0,CAFTPNAGNMLTF,CASSPGPVLATSSYEQYF,,,TRAV38-1,TRBV4-3,,,TRAJ39,TRBJ2-7,KCYGVSPTK,11027.0
CCGTTCAGTGTGGCTC-1-third_shot_10-4-0,CAVQARNAGNMLTF,CASSLFWGGRADTQYF,,,TRAV20,TRBV27,,,TRAJ39,TRBJ2-3,KCYGVSPTK,11059.0
CCTTACGCACGGTAAG-1-third_shot_10-4-0,CAGMKLVF,CASSSPGTEINLWGQPQHF,,,TRAV1-1,TRBV18,,,TRAJ8,TRBJ1-5,LTDEMIAQY,11085.0
CCTTCCCTCGTTGCCT-1-third_shot_10-4-0,CILRDPRSGAGSYQLTF,CASSPTGTGAWGYTF,,,TRAV26-2,TRBV2,,,TRAJ28,TRBJ1-2,QYIKWPWYI,11092.0
CCTTCGACACGGCTAC-1-third_shot_10-4-0,CAVRAGNQFYF,CASSVVPRLAGLGELFF,,,TRAV21,TRBV9,,,TRAJ49,TRBJ2-2,LTDEMIAQY,11095.0
CGACTTCGTCTACCTC-1-third_shot_10-4-0,CVVNRPQAGTALIF,CSARGHHGQNTGELFF,,,TRAV12-1,TRBV20-1,,,TRAJ15,TRBJ2-2,YLQPRTFLL,11113.0
CGAGCACAGGGTATCG-1-third_shot_10-4-0,CVVNDPSNDYKLSF,CASSETGGGNTGELFF,,,TRAV12-1,TRBV2,,,TRAJ20,TRBJ2-2,YLQPRTFLL,11119.0
CGAGCCATCGATAGAA-1-third_shot_10-4-0,CIVRVGNYGQNFVF,CATQGLAGPGYEQYF,,,TRAV26-1,TRBV25-1,,,TRAJ26,TRBJ2-7,KCYGVSPTK,11129.0
CGAGCCATCTTGAGGT-1-third_shot_10-4-0,CVVNDPGGNTPLVF,CASSPPAGGNTGELFF,,,TRAV12-1,TRBV5-8,,,TRAJ29,TRBJ2-2,YLQPRTFLL,11130.0
CGCGGTACATTCTCAT-1-third_shot_10-4-0,CAVNSGGSGGSNYKLTF,CSAQQGWPYEQYF,,,TRAV12-2,TRBV29-1,,,TRAJ53,TRBJ2-7,LTDEMIAQY,11151.0
CGCGTTTCACGGACAA-1-third_shot_10-4-0,CALNSNTGKLIF,CASSSFLLAGGGGNSNEQFF,,,TRAV16,TRBV27,,,TRAJ37,TRBJ2-1,LTDEMIAQY,11155.0
CGGAGTCTCATGTGGT-1-third_shot_10-4-0,CAVNGGDYKLSF,CASSLAPRGGREQFF,,,TRAV12-2,TRBV27,,,TRAJ20,TRBJ2-1,KCYGVSPTK,11176.0
CGTAGCGGTCATATGC-1-third_shot_10-4-0,CAPGGSQGNLIF,CATQNRATNTGELFF,,,TRAV16,TRBV19,,,TRAJ42,TRBJ2-2,LTDEMIAQY,11192.0
CGTAGGCAGATAGTCA-1-third_shot_10-4-0,CVVNRGDDMRF,CASTEDRNTGELFF,,,TRAV12-1,TRBV5-4,,,TRAJ43,TRBJ2-2,YLQPRTFLL,11193.0
CGTAGGCGTAGGCATG-1-third_shot_10-4-0,CALRYGGATNKLIF,CASSLEGPYGYTF,,,TRAV19,TRBV7-6,,,TRAJ32,TRBJ1-2,LTDEMIAQY,11195.0
CTACATTCACTGTCGG-1-third_shot_10-4-0,CALRRGYNKLIF,CASLSGSGNTIYF,,,TRAV19,TRBV6-6,,,TRAJ4,TRBJ1-3,LTDEMIAQY,11251.0
CTACCCAAGACGACGT-1-third_shot_10-4-0,CAVRGGFGSGTYKYIF,CASRTTRANYGYTF,,,TRAV21,TRBV28,,,TRAJ40,TRBJ1-2,LTDEMIAQY,11253.0
CTCGGGAAGATGGGTC-1-third_shot_10-4-0,CALSDPTNAGKSTF,CASRRDAGNTEAFF,,,TRAV9-2,TRBV2,,,TRAJ27,TRBJ1-1,KCYGVSPTK,11300.0
CTCGTACAGTTAGCGG-1-third_shot_10-4-0,CVVNILNSNSGYALNF,CATSISRGYEQYF,,,TRAV12-1,TRBV15,,,TRAJ41,TRBJ2-7,NYNYLYRLF,11304.0
CTCGTCACATAACCTG-1-third_shot_10-4-0,CAVMRWDSGAGSYQLTF,CASSQRVAGASNTGELFF,,,TRAV12-2,TRBV4-2,,,TRAJ28,TRBJ2-2,KCYGVSPTK,11308.0
GAAACTCTCGAATGCT-1-third_shot_10-4-0,CVVNSNSGNTPLVF,CSARDSWATNTGELFF,,,TRAV12-1,TRBV20-1,,,TRAJ29,TRBJ2-2,YLQPRTFLL,11373.0
GAACGGAGTCTAGTCA-1-third_shot_10-4-0,CILLNNNAGNMLTF,CASSAWGTHYGYTF,,,TRAV26-2,TRBV9,,,TRAJ39,TRBJ1-2,KCYGVSPTK,11387.0
GAATGAAAGACAGGCT-1-third_shot_10-4-0,CAMRGPGEDSSYKLIF,CASSPQAGGHSDTQYF,,,TRAV14/DV4,TRBV9,,,TRAJ12,TRBJ2-3,KCYGVSPTK,11396.0
GACAGAGCAAATACAG-1-third_shot_10-4-0,CARNAGNMLTF,CASSLGPRVDLDGEQYF,,,TRAV25,TRBV27,,,TRAJ39,TRBJ2-7,LTDEMIAQY,11403.0
GATCAGTCATTAGCCA-1-third_shot_10-4-0,CAVRDEAGNNRKLIW,CASSPLATAGELFF,,,TRAV3,TRBV4-3,,,TRAJ38,TRBJ2-2,YLQPRTFLL,11436.0
GATCGATAGTGTGGCA-1-third_shot_10-4-0,CAGFGGTSYGKLTF,CASSGDGEGQYF,,,TRAV35,TRBV7-6,,,TRAJ52,TRBJ2-7,LTDEMIAQY,11439.0
GATCGATGTATAGGGC-1-third_shot_10-4-0,CAEGDSGAGSYQLTF,CAIQDRNTGELFF,,,TRAV5,TRBV2,,,TRAJ28,TRBJ2-2,YLQPRTFLL,11442.0
GATCGCGCAAATTGCC-1-third_shot_10-4-0,CVVNNNNDMRF,CASQYTNTGELFF,,,TRAV12-1,TRBV19,,,TRAJ43,TRBJ2-2,YLQPRTFLL,11445.0
GCTTCCAGTTCCTCCA-1-third_shot_10-4-0,CAAHLPMYSGGGADGLTF,CASSFGMGGATEAFF,,,TRAV13-1,TRBV12-3,,,TRAJ45,TRBJ1-1,KCYGVSPTK,11538.0
GGAATAAGTTCGGGCT-1-third_shot_10-4-0,CIVRDNNAGNMLTF,CASSRWGGNSPLHF,,,TRAV26-1,TRBV9,,,TRAJ39,TRBJ1-6,KCYGVSPTK,11556.0
GGCGACTCAAACCCAT-1-third_shot_10-4-0,CAAPSGGSYIPTF,CSARRLAQSRDTQYF,,,TRAV23/DV6,TRBV20-1,,,TRAJ6,TRBJ2-3,QYIKWPWYI,11601.0
GGGCATCAGGTGGGTT-1-third_shot_10-4-0,CVVNRDNDMRF,CASGDENTGELFF,,,TRAV12-1,TRBV5-1,,,TRAJ43,TRBJ2-2,YLQPRTFLL,11633.0
GTCCTCACATCGGACC-1-third_shot_10-4-0,CAVNRDDKIIF,CAFSQQNTGELFF,,,TRAV12-1,TRBV7-8,,,TRAJ30,TRBJ2-2,YLQPRTFLL,11693.0
GTCTCGTCACAGACTT-1-third_shot_10-4-0,CAPPQGASKIIF,CASSLSDRGGGYTF,,,TRAV6,TRBV27,,,TRAJ3,TRBJ1-2,QYIKWPWYI,11703.0
GTGTGCGAGGGAAACA-1-third_shot_10-4-0,CVVNTGKLIF,CASSQTLGYEQYF,,,TRAV12-1,TRBV4-1,,,TRAJ37,TRBJ2-7,NYNYLYRLF,11722.0
GTTACAGAGACACGAC-1-third_shot_10-4-0,CAVRSDRGSTLGRLYF,CASRRADYGYTF,,,TRAV1-2,TRBV27,,,TRAJ18,TRBJ1-2,QYIKWPWYI,11733.0
GTTTCTATCTCCTATA-1-third_shot_10-4-0,CAVRPPGNQFYF,CASSPVGTQGYNEQFF,,,TRAV41,TRBV6-4,,,TRAJ49,TRBJ2-1,LTDEMIAQY,11751.0
TCATTACAGGATGGTC-1-third_shot_10-4-0,CVVNRGTGGFKTIF,CASMLASYNSPLHF,,,TRAV12-1,TRBV27,,,TRAJ9,TRBJ1-6,LTDEMIAQY,11870.0
TCATTTGTCGCCGTGA-1-third_shot_10-4-0,CIGPMNNNAGNMLTF,CASSPWGRGEQYF,,,TRAV26-1,TRBV9,,,TRAJ39,TRBJ2-7,KCYGVSPTK,11875.0
TCTATTGGTGTTCGAT-1-third_shot_10-4-0,CAAFWVQWGYQKVTF,CASSSARDRSSGNTIYF,,,TRAV29/DV5,TRBV6-5,,,TRAJ13,TRBJ1-3,QYIKWPWYI,11902.0
TGAGCATTCGAGAGCA-1-third_shot_10-4-0,CAGQLETGANNLFF,CAINPGTSGRWGTDTQYF,,,TRAV35,TRBV10-3,,,TRAJ36,TRBJ2-3,LTDEMIAQY,11949.0
TGCCAAACAGAGTGTG-1-third_shot_10-4-0,CAVRYSNTGKLIF,CASSQEQTGGYTF,,,TRAV1-2,TRBV14,,,TRAJ37,TRBJ1-2,LTDEMIAQY,11964.0
TTCCCAGAGAGCTGGT-1-third_shot_10-4-0,CAAHEGGRLMF,CSVDGVSGRSSGELFF,,,TRAV36/DV7,TRBV29-1,,,TRAJ31,TRBJ2-2,KCYGVSPTK,12051.0
TTTGGTTGTTCCATGA-1-third_shot_10-4-0,CIAQGWDAGNMLTF,CASSMTGSREAFF,,,TRAV26-1,TRBV19,,,TRAJ39,TRBJ1-1,KCYGVSPTK,12124.0
TTTGGTTTCAGTCAGT-1-third_shot_10-4-0,CAGDNTDKLIF,CASSVWGTPKATGELFF,,,TRAV41,TRBV9,,,TRAJ34,TRBJ2-2,KCYGVSPTK,12125.0
AAACCTGAGGTCGGAT-1-0-1,CAVSNTNAGKSTF,CASSYGGRTGDYNEQFF,,,TRAV1-2,TRBV6-2,,,TRAJ27,TRBJ2-1,RAKFKQLL,12294.0
AAACCTGGTACCCAAT-1-0-1,CAVEALNSGGYQKVTF,CASSFRDRDSPLHF,,,TRAV2,TRBV28,,,TRAJ13,TRBJ1-6,CTELKLSDY,12301.0
AAACGGGGTCCGACGT-1-0-1,CAFTGANSKLTF,CSANLLTSDSYNEQFF,,,TRAV38-1,TRBV20-1,,,TRAJ56,TRBJ2-1,CTELKLSDY,12318.0
AAAGATGGTGTCAATC-1-0-1,CAVGRGGGSNYKLTF,CSAHGGWPYEQYF,,,TRAV12-2,TRBV29-1,,,TRAJ53,TRBJ2-7,LTDEMIAQY,41.0
AAAGTAGTCGTTACGA-1-0-1,CAVSDLYKLSF,CASSPGQGEGYEQYF,,,TRAV8-4,TRBV4-1,,,TRAJ20,TRBJ2-7,RAKFKQLL,12358.0
AACCATGCATCGATTG-1-0-1,CAASEGNEKLTF,CASSLWGLDEQFF,,,TRAV13-1,TRBV7-3,,,TRAJ48,TRBJ2-1,RAKFKQLL,12390.0
AACCATGGTTTGTTGG-1-0-1,CAARSGGYQKVTF,CSARDIEGSSYNEQFF,,,TRAV13-1,TRBV20-1,,,TRAJ13,TRBJ2-1,NYNYLYRLF,12394.0
AACGTTGTCGGTGTCG-1-0-1,CVVNRDDKIIF,CASSQQDSLEAFF,,,TRAV12-1,TRBV4-2,,,TRAJ30,TRBJ1-1,YLQPRTFLL,12420.0
AACTCTTCACTTAACG-1-0-1,CVVNFGNKLVF,CASSLEVGVDEQFF,,,TRAV12-1,TRBV5-1,,,TRAJ47,TRBJ2-1,NYNYLYRLF,12458.0
AAGACCTGTCTTCGTC-1-0-1,CAANSGYALNF,CASSLALAGTSYNEQFF,,,TRAV13-1,TRBV7-9,,,TRAJ41,TRBJ2-1,LTDEMIAQY,219.0
AAGGTTCTCCCAACGG-1-0-1,CAASSDWNTGGFKTIF,CAISESTGVGYEQYF,,,TRAV13-1,TRBV10-3,,,TRAJ9,TRBJ2-7,CTELKLSDY,12544.0
AAGGTTCTCGCCCTTA-1-0-1,CALSLSNDYKLSF,CASSLYRAYGYTF,,,TRAV19,TRBV14,,,TRAJ20,TRBJ1-2,LTDEMIAQY,272.0
ACAGCCGGTAGGGACT-1-0-1,CAVKGNQAGTALIF,CATSPGADTQYF,,,TRAV12-2,TRBV24-1,,,TRAJ15,TRBJ2-3,NYNYLYRLF,12651.0
ACAGCTAAGGCGATAC-1-0-1,CAMREGREYSSASKIIF,CASSSYKGKTEAFF,,,TRAV14/DV4,TRBV28,,,TRAJ3,TRBJ1-1,QPYRVVVL,12660.0
ACATGGTAGTCTTGCA-1-0-1,CVVNMLDALNF,CASSGLGTSANTGELFF,,,TRAV12-1,TRBV9,,,TRAJ41,TRBJ2-2,YLQPRTFLL,12703.0
ACCAGTATCGTGGTCG-1-0-1,CAVSGPTSGTYKYIF,CASSLWDGGNQPQHF,,,TRAV3,TRBV5-5,,,TRAJ40,TRBJ1-5,LTDEMIAQY,475.0
ACCTTTACATCACAAC-1-0-1,CAVKVGDGQKLLF,CASSYRGEYTEAFF,,,TRAV12-2,TRBV6-5,,,TRAJ16,TRBJ1-1,NYNYLYRLF,12760.0
ACGGCCATCGTACGGC-1-0-1,CAVRGDARLMF,CSATSGSGNEQFF,,,TRAV1-2,TRBV20-1,,,TRAJ31,TRBJ2-1,NYNYLYRLF,12880.0
ACGGGCTAGCCCAATT-1-0-1,CAEFYYGNNRLAF,CASSVALDQPQHF,,,TRAV5,TRBV11-2,,,TRAJ7,TRBJ1-5,NYNYLYRLF,12885.0
ACGGGCTAGTACGACG-1-0-1,CGAQETSYDKVIF,CASSLATAGDQPQHF,,,TRAV13-1,TRBV7-9,,,TRAJ50,TRBJ1-5,RAKFKQLL,12887.0
ACGGGTCTCCTTGGTC-1-0-1,CAVIGGADGLTF,CASSATINPYEQYF,,,TRAV12-2,TRBV6-1,,,TRAJ45,TRBJ2-7,NYNYLYRLF,12902.0
ACGTCAAAGCGACGTA-1-0-1,CAVKADSWGKLQF,CSARPSGGITDTQYF,,,TRAV8-1,TRBV20-1,,,TRAJ24,TRBJ2-3,CTELKLSDY,12907.0
ACTATCTGTGAGTGAC-1-0-1,CVVSPNYGQNFVF,CSAPLTSGFLGELFF,,,TRAV10,TRBV20-1,,,TRAJ26,TRBJ2-2,FLRGRAYGL,12928.0
ACTGATGAGAGTAAGG-1-0-1,CAFKDNQGGKLIF,CASSPTGQGNTEAFF,,,TRAV24,TRBV7-9,,,TRAJ23,TRBJ1-1,CTELKLSDY,12967.0
ACTTTCAGTATATGGA-1-0-1,CLVGDREYGNKLVF,CASSLVVAGGGNNEQFF,,,TRAV4,TRBV7-3,,,TRAJ47,TRBJ2-1,RAKFKQLL,13040.0
AGAGCTTCAGGAATCG-1-0-1,CVVNPANYGGSQGNLIF,CASSEGRDYEQYF,,,TRAV12-1,TRBV2,,,TRAJ42,TRBJ2-7,NYNYLYRLF,13079.0
AGATCTGCAGTATCTG-1-0-1,CAFMNGNQGGKLIF,CASSRTTGTEAFF,,,TRAV38-1,TRBV5-5,,,TRAJ23,TRBJ1-1,NYNYLYRLF,13109.0
AGATCTGTCAGGTAAA-1-0-1,CAASTNAGKSTF,CASSLEKRNTEAFF,,,TRAV20,TRBV5-1,,,TRAJ27,TRBJ1-1,NYNYLYRLF,13114.0
AGATTGCGTTAGATGA-1-0-1,CGADSNYQLIW,CASSFTGWLAADNEQFF,,,TRAV1-2,TRBV7-6,,,TRAJ33,TRBJ2-1,NYNYLYRLF,13123.0
AGCAGCCTCCAAGTAC-1-0-1,CAVPYSSASKIIF,CASSTISLGTDIYGYTF,,,TRAV12-2,TRBV7-2,,,TRAJ3,TRBJ1-2,RAKFKQLL,13133.0
AGGCCACAGTCAAGGC-1-0-1,CIVRADQKLVF,CASSPRWTEGSNPYTQYF,,,TRAV26-1,TRBV25-1,,,TRAJ54,TRBJ2-3,NYNYLYRLF,13233.0
AGGGTGACAATCTACG-1-0-1,CVCLYGQNFVF,CASSQTPGDEQYF,,,TRAV12-1,TRBV4-1,,,TRAJ26,TRBJ2-7,NYNYLYRLF,13281.0
AGGGTGATCCGTTGTC-1-0-1,CAVRHQSGGYNKLIF,CASSLTNEQFF,,,TRAV21,TRBV13,,,TRAJ4,TRBJ2-1,NYNYLYRLF,13288.0
AGTGAGGTCTTGTACT-1-0-1,CVVNKGDKIIF,CASSLASGGYEQFF,,,TRAV12-1,TRBV5-1,,,TRAJ30,TRBJ2-1,NYNYLYRLF,13345.0
ATAAGAGGTGATGTCT-1-0-1,CAERMTRYSSASKIIF,CSVDLNTEAFF,,,TRAV5,TRBV29-1,,,TRAJ3,TRBJ1-1,RLQSLQTYV,13403.0
ATCCGAAGTGTGAAAT-1-0-1,CAMYYGTSYGKLTF,CASRSRDLVAKNIQYF,,,TRAV14/DV4,TRBV19,,,TRAJ52,TRBJ2-4,LTDEMIAQY,1276.0
ATCTACTGTTAAGTAG-1-0-1,CVVNEDSGYALNF,CASSPSRAYEQYF,,,TRAV12-1,TRBV4-2,,,TRAJ41,TRBJ2-7,NYNYLYRLF,13506.0
ATGGGAGTCTGATACG-1-0-1,CVVTGFSGGYNKLIF,CASSLVRGGFEKLFF,,,TRAV12-1,TRBV14,,,TRAJ4,TRBJ1-4,LTDEMIAQY,1361.0
ATGTGTGAGACCGGAT-1-0-1,CAVHSGTSYGKLTF,CATSDRGEDEQYF,,,TRAV20,TRBV24-1,,,TRAJ52,TRBJ2-7,NYNYLYRLF,13562.0
ATGTGTGGTCCTCTTG-1-0-1,CALDGGSQGNLIF,CASSWWTSVDNEQFF,,,TRAV6,TRBV5-1,,,TRAJ42,TRBJ2-1,NYNYLYRLF,13567.0
CAAGATCTCCGAACGC-1-0-1,CVVNHGQAGTALIF,CASSQGPGAYEQYF,,,TRAV12-1,TRBV4-1,,,TRAJ15,TRBJ2-7,NYNYLYRLF,13703.0
CACACTCAGTGTTGAA-1-0-1,CAWQRAGNMLTF,CASSVGAGVETQYF,,,TRAV6,TRBV9,,,TRAJ39,TRBJ2-5,NYNYLYRLF,13765.0
CACACTCCAGACGTAG-1-0-1,CAVRRNNAGNMLTF,CASSLEVAGVYEQYF,,,TRAV21,TRBV12-3,,,TRAJ39,TRBJ2-7,NYNYLYRLF,13767.0
CACATAGTCGGCATCG-1-0-1,CALSDYNTDKLIF,CSARDPGTSGGYEQYF,,,TRAV9-2,TRBV20-1,,,TRAJ34,TRBJ2-7,NYNYLYRLF,13805.0
CACCAGGTCGTATCAG-1-0-1,CGRAAGNKLTF,CATRTAVSSEQYF,,,TRAV8-3,TRBV19,,,TRAJ17,TRBJ2-7,LTDEMIAQY,13843.0
CACCTTGGTCGAATCT-1-0-1,CAAPPGGFKTIF,CASTTSTGAYNEQFF,,,TRAV13-1,TRBV28,,,TRAJ9,TRBJ2-1,LTDEMIAQY,1650.0
CACTCCACAAACCCAT-1-0-1,CALSEARSNDYKLSF,CSATVLGKREEQFF,,,TRAV19,TRBV20-1,,,TRAJ20,TRBJ2-1,NYNYLYRLF,13865.0
CACTCCAGTGTGAATA-1-0-1,CARPMKTSYDKVIF,CASSFPGQGTYEQYF,,,TRAV12-3,TRBV5-5,,,TRAJ50,TRBJ2-7,LTDEMIAQY,13868.0
CAGAGAGTCTGTGCAA-1-0-1,CAVSDLRVLTGGGNKLTF,CASSLALAGRNYNEQFF,,,TRAV8-4,TRBV7-9,,,TRAJ10,TRBJ2-1,LTDEMIAQY,1690.0
CAGATCATCGTCTGAA-1-0-1,CAVFNAGNNRKLIW,CASSFLYTDTQYF,,,TRAV21,TRBV27,,,TRAJ38,TRBJ2-3,LTDEMIAQY,1701.0
CAGCAGCCATCGGTTA-1-0-1,CAVRDGNAGNMLTF,CAIKGGVREQSNTEAFF,,,TRAV1-2,TRBV10-3,,,TRAJ39,TRBJ1-1,CTELKLSDY,13916.0
CAGCATAGTTCAGACT-1-0-1,CAVRVYSGGGADGLTF,CASSLGRGAYEQYF,,,TRAV21,TRBV5-6,,,TRAJ45,TRBJ2-7,NYNYLYRLF,13931.0
CAGCATAGTTTACTCT-1-0-1,CAFRTNRDDKIIF,CASSPRIPNTEAFF,,,TRAV24,TRBV7-2,,,TRAJ30,TRBJ1-1,NYNYLYRLF,13932.0
CAGCTAACAAGGTGTG-1-0-1,CAGKGYGNKLVF,CASSLGQGGTEAFF,,,TRAV27,TRBV7-6,,,TRAJ47,TRBJ1-1,LTDEMIAQY,13954.0
CATCGGGCACCCTATC-1-0-1,CAYRSVYSGGGADGLTF,CASSHPGQGLRAFF,,,TRAV38-2/DV8,TRBV6-5,,,TRAJ45,TRBJ1-1,CTELKLSDY,14075.0
CCAATCCTCGGATGTT-1-0-1,CAVTPRNNNDMRF,CSALTSGSYEQYF,,,TRAV41,TRBV20-1,,,TRAJ43,TRBJ2-7,CTELKLSDY,14161.0
CCACCTACATGGTAGG-1-0-1,CAVKTSGTYKYIF,CASITEAGGLSYGYTF,,,TRAV12-2,TRBV2,,,TRAJ40,TRBJ1-2,NYNYLYRLF,14170.0
CCACTACTCCCAAGTA-1-0-1,CAYRRPEYNNNDMRF,CASSYVWDNYEQYF,,,TRAV38-2/DV8,TRBV6-2,,,TRAJ43,TRBJ2-7,NYNYLYRLF,14200.0
CCATGTCGTAGCTGCC-1-0-1,CAVTLNTGGFKTIF,CASSQSRGYEQYF,,,TRAV8-4,TRBV4-3,,,TRAJ9,TRBJ2-7,NYNYLYRLF,14227.0
CCCAATCGTTGAGGTG-1-0-1,CVVNLWGTGGGNKLTF,CASSDGTSYEQYF,,,TRAV12-1,TRBV4-1,,,TRAJ10,TRBJ2-7,NYNYLYRLF,14246.0
CCCAATCTCAACACCA-1-0-1,CAEGNQFYF,CASSLALAGRNYNEQFF,,,TRAV39,TRBV7-9,,,TRAJ49,TRBJ2-1,LTDEMIAQY,2058.0
CCGTACTAGGGTTCCC-1-0-1,CAAHHGSSNTGKLIF,CAWSQGRNNEKLFF,,,TRAV29/DV5,TRBV30,,,TRAJ37,TRBJ1-4,NYNYLYRLF,14304.0
CCGTACTGTTGATTCG-1-0-1,CVVNTVTGGGNKLTF,CASQDLNTGELFF,,,TRAV12-1,TRBV2,,,TRAJ10,TRBJ2-2,YLQPRTFLL,14310.0
CCGTACTTCAACGGCC-1-0-1,CVVRPYGTDKLIF,CASSQGLAESYEQYF,,,TRAV12-1,TRBV4-1,,,TRAJ34,TRBJ2-7,NYNYLYRLF,14312.0
CCTACACGTTCCACGG-1-0-1,CAVRGYGQNFVF,CASSLGTTGFYGYTF,,,TRAV1-2,TRBV6-5,,,TRAJ26,TRBJ1-2,NYNYLYRLF,14358.0
CGAGCACTCGGCGGTT-1-0-1,CAIPAGNQFYF,CASSFGISYEQYF,,,TRAV12-3,TRBV27,,,TRAJ49,TRBJ2-7,YTNSFTRGVY,14512.0
CGATTGAAGCACGCCT-1-0-1,CAMSRYNTDKLIF,CASSSLEGDEQFF,,,TRAV12-3,TRBV7-9,,,TRAJ34,TRBJ2-1,NYNYLYRLF,14556.0
CGCGTTTGTGCACGAA-1-0-1,CVVNGYGQNFVF,CASSDGGGYEQYF,,,TRAV12-1,TRBV2,,,TRAJ26,TRBJ2-7,NYNYLYRLF,14605.0
CGCTATCTCAAGGCTT-1-0-1,CAGGYQKVTF,CASSELPGIGDTEAFF,,,TRAV27,TRBV10-2,,,TRAJ13,TRBJ1-1,LTDEMIAQY,14620.0
CGCTTCATCCCTAATT-1-0-1,CVVNKRDDMRF,CATEDSNTGELFF,,,TRAV12-1,TRBV7-8,,,TRAJ43,TRBJ2-2,YLQPRTFLL,14648.0
CGGACTGTCGAGAGCA-1-0-1,CALRIYNQGGKLIF,CASSTGLAGMSSYNEQFF,,,TRAV19,TRBV5-1,,,TRAJ23,TRBJ2-1,LTDEMIAQY,2495.0
CGTAGCGGTGAAATCA-1-0-1,CILRDYGQNFVF,CASSPTSGTAGELFF,,,TRAV26-2,TRBV4-3,,,TRAJ26,TRBJ2-2,FLRGRAYGL,14738.0
CGTAGGCGTGAAATCA-1-0-1,CVVNPFLSGGYNKLIF,CASSSRDAGTDTQYF,,,TRAV12-1,TRBV5-6,,,TRAJ4,TRBJ2-3,NYNYLYRLF,14752.0
CGTCTACCACGTGAGA-1-0-1,CGADIPSNAGGTSYGKLTF,CASSALDSYGYTF,,,TRAV34,TRBV9,,,TRAJ52,TRBJ1-2,CTELKLSDY,14797.0
CTAAGACTCTGGAGCC-1-0-1,CAEVNTDKLIF,CSAGRASRYEQYF,,,TRAV5,TRBV20-1,,,TRAJ34,TRBJ2-7,NYNYLYRLF,14917.0
CTACATTAGGATTCGG-1-0-1,CAYSGGGSEKLVF,CASSQVRGGGWKFF,,,TRAV38-2/DV8,TRBV3-1,,,TRAJ57,TRBJ2-1,RAKFKQLL,14949.0
CTAGTGAGTCTCCATC-1-0-1,CAMREGHDSGGSNYKLTF,CASSFLAGGSYNEQFF,,,TRAV14/DV4,TRBV7-6,,,TRAJ53,TRBJ2-1,RAKFKQLL,15020.0
CTCGTACTCCCTTGTG-1-0-1,CVVSTGGFKTIF,CASIGAGEDEQFF,,,TRAV12-1,TRBV6-2,,,TRAJ9,TRBJ2-1,NYNYLYRLF,15128.0
CTCGTCAGTTCTGTTT-1-0-1,CVSDSGTYKYIF,CAISDWGTGELFF,,,TRAV17,TRBV10-3,,,TRAJ40,TRBJ2-2,NYNYLYRLF,15134.0
CTGATAGTCCTTTCTC-1-0-1,CAMREASLLARLMF,CASSQSGLPYEQYF,,,TRAV14/DV4,TRBV3-1,,,TRAJ31,TRBJ2-7,RLQSLQTYV,15198.0
CTGATCCAGGCCCTCA-1-0-1,CALSALNTGGFKTIF,CSASGLTRDSPLNTEAFF,,,TRAV9-2,TRBV20-1,,,TRAJ9,TRBJ1-1,LTDEMIAQY,2997.0
CTGATCCAGTACGACG-1-0-1,CAASINGGFKTIF,CASRVTGLDTEAFF,,,TRAV13-1,TRBV6-5,,,TRAJ9,TRBJ1-1,CTELKLSDY,15207.0
CTGCTGTCAAAGGTGC-1-0-1,CAATWANSGNTPLVF,CASRGVGEQYF,,,TRAV13-1,TRBV7-6,,,TRAJ29,TRBJ2-7,RAKFKQLL,15254.0
CTGCTGTTCAGTTCGA-1-0-1,CVVNAQTSYDKVIF,CASSRTRAGGRDGYTF,,,TRAV12-1,TRBV7-6,,,TRAJ50,TRBJ1-2,CTELKLSDY,15256.0
CTGTTTAAGCACCGCT-1-0-1,CHHSGGSNYKLTF,CASTWFTGGGYEQYF,,,TRAV25,TRBV27,,,TRAJ53,TRBJ2-7,NYNYLYRLF,15284.0
CTTGGCTTCCGCAGTG-1-0-1,CVSIYNFNKFYF,CASSYGEAEAFF,,,TRAV8-2,TRBV6-5,,,TRAJ21,TRBJ1-1,NYNYLYRLF,15334.0
GAAACTCCAAAGGCGT-1-0-1,CATDNYGQNFVF,CASSLTRSGEQYF,,,TRAV17,TRBV27,,,TRAJ26,TRBJ2-7,NYNYLYRLF,15352.0
GAATAAGAGGCATTGG-1-0-1,CVGGSWGKLQF,CASSLVAYEQYF,,,TRAV12-1,TRBV11-2,,,TRAJ24,TRBJ2-7,NYNYLYRLF,15423.0
GACTGCGGTCTCTTTA-1-0-1,CVVPASNDYKLSF,CASSEGQGYEQYF,,,TRAV12-1,TRBV9,,,TRAJ20,TRBJ2-7,NYNYLYRLF,15569.0
GAGTCCGGTTCGTGAT-1-0-1,CALGAGSYQLTF,CASSQLSGGRPGELFF,,,TRAV38-1,TRBV3-1,,,TRAJ28,TRBJ2-2,LTDEMIAQY,15599.0
GATCTAGGTGTAACGG-1-0-1,CAVFNAGGTSYGKLTF,CASSEGAGVYEQYF,,,TRAV21,TRBV11-2,,,TRAJ52,TRBJ2-7,NYNYLYRLF,15653.0
GCAATCAAGAAGGCCT-1-0-1,CAASVDSSNTGKLIF,CASSQAYYQGANTGELFF,,,TRAV29/DV5,TRBV14,,,TRAJ37,TRBJ2-2,RAKFKQLL,15710.0
GCAGTTAAGCGCCTCA-1-0-1,CAGPPSGTYKYIF,CASGPYNTGELFF,,,TRAV27,TRBV11-2,,,TRAJ40,TRBJ2-2,NYNYLYRLF,15754.0
GCATGTAGTCGCATCG-1-0-1,CILRRNEKLTF,CASSLLETLAGGAYNEQFF,,,TRAV26-2,TRBV27,,,TRAJ48,TRBJ2-1,NYNYLYRLF,15812.0
GCGACCAAGGAATCGC-1-0-1,CVVSDNYGQNFVF,CASSQGQGPYEQYF,,,TRAV12-1,TRBV4-1,,,TRAJ26,TRBJ2-7,NYNYLYRLF,15842.0
GCGAGAAGTAAGGGCT-1-0-1,CATADYKLSF,CASRRDSSGNTIYF,,,TRAV17,TRBV28,,,TRAJ20,TRBJ1-3,NYNYLYRLF,15855.0
GCGGGTTTCCAGAAGG-1-0-1,CAPDNARLMF,CASSDTSGDSTDTQYF,,,TRAV1-2,TRBV9,,,TRAJ31,TRBJ2-3,NYNYLYRLF,15923.0
GCTTCCAAGAGTGACC-1-0-1,CAMREGKDSNYQLIW,CASSYNGVTYEQYF,,,TRAV14/DV4,TRBV6-5,,,TRAJ33,TRBJ2-7,NYNYLYRLF,15993.0
GCTTCCACAGCCACCA-1-0-1,CIVRVVQGGSEKLVF,CATHIGQGELAGTYEQYF,,,TRAV26-1,TRBV24-1,,,TRAJ57,TRBJ2-7,NYNYLYRLF,15999.0
GCTTGAATCCTGCAGG-1-0-1,CAVRERGQAGTALIF,CASSEVADTYEQYF,,,TRAV1-2,TRBV6-1,,,TRAJ15,TRBJ2-7,NYNYLYRLF,16012.0
GGACATTCAGCTGGCT-1-0-1,CALYSASGGSYIPTF,CASSDGTGYEQYF,,,TRAV12-2,TRBV6-1,,,TRAJ6,TRBJ2-7,NYNYLYRLF,16090.0
GGAGCAACAATCCGAT-1-0-1,CALGFPTSGTYKYIF,CASSVEDPYTDTQYF,,,TRAV19,TRBV9,,,TRAJ40,TRBJ2-3,NYNYLYRLF,16110.0
GGAGCAACATTGGGCC-1-0-1,CAMSANDMRF,CASSSMTSYEQYF,,,TRAV12-3,TRBV7-9,,,TRAJ43,TRBJ2-7,CTELKLSDY,16112.0
GGCTGGTTCTGTCAAG-1-0-1,CAMSPFSGGYNKLIF,CASDGPRTDTQYF,,,TRAV12-3,TRBV6-1,,,TRAJ4,TRBJ2-3,NYNYLYRLF,16198.0
GGTATTGTCACATACG-1-0-1,CALSPNAGGTSYGKLTF,CASSLYPRKQGRQPQHF,,,TRAV9-2,TRBV4-1,,,TRAJ52,TRBJ1-5,NYNYLYRLF,16296.0
GTCACAAGTCGACTAT-1-0-1,CAVNNAGTYKYIF,CASSYSSSPLHF,,,TRAV12-2,TRBV6-2,,,TRAJ40,TRBJ1-6,QPYRVVVL,16446.0
GTCGGGTGTTAGATGA-1-0-1,CAVNRNYGQNFVF,CATSDFREQETQYF,,,TRAV12-2,TRBV24-1,,,TRAJ26,TRBJ2-5,NYNYLYRLF,16479.0
GTGCAGCCAGCTCGCA-1-0-1,CAVIYSGGSNYKLTF,CAWSVWPGGANNEQFF,,,TRAV12-2,TRBV30,,,TRAJ53,TRBJ2-1,NYNYLYRLF,16545.0
GTGCGGTAGGCGACAT-1-0-1,CAVTLLYNFNKFYF,CASSPGQGAADTQYF,,,TRAV1-2,TRBV28,,,TRAJ21,TRBJ2-3,NYNYLYRLF,16570.0
GTGTGCGGTCATCCCT-1-0-1,CAASSPDSWGKLQF,CASSGTRMDTQYF,,,TRAV13-1,TRBV5-6,,,TRAJ24,TRBJ2-3,NYNYLYRLF,16602.0
GTTCTCGCAATGCCAT-1-0-1,CALSGIHDYNNNDMRF,CASSEEGPGSPDTQYF,,,TRAV19,TRBV2,,,TRAJ43,TRBJ2-3,NYNYLYRLF,16657.0
TAAACCGCACACCGAC-1-0-1,CVVNHWQGGSYIPTF,CSARDDGSTDTQYF,,,TRAV12-1,TRBV20-1,,,TRAJ6,TRBJ2-3,NYNYLYRLF,16680.0
TACACGAAGTACACCT-1-0-1,CATDGALRNSGYALNF,CASSPDRERQPQHF,,,TRAV17,TRBV6-5,,,TRAJ41,TRBJ1-5,NYNYLYRLF,16723.0
TACTCATAGCAGCCTC-1-0-1,CAVRDPRNAGNNRKLIW,CASSSTGLSYEQYF,,,TRAV3,TRBV5-1,,,TRAJ38,TRBJ2-7,CTELKLSDY,16813.0
TAGACCACAATAAGCA-1-0-1,CVVTAYSGAGSYQLTF,CASSLAPSYEQYF,,,TRAV12-1,TRBV7-2,,,TRAJ28,TRBJ2-7,NYNYLYRLF,16858.0
TAGACCATCTGGTGTA-1-0-1,CAMRSNYQLIW,CASQPAQGAQYF,,,TRAV12-3,TRBV6-5,,,TRAJ33,TRBJ2-7,LTDEMIAQY,16867.0
TAGAGCTTCTGCTGCT-1-0-1,CAVNMYSGGGADGLTF,CASSLSYEQYF,,,TRAV12-2,TRBV6-2,,,TRAJ45,TRBJ2-7,NYNYLYRLF,16887.0
TAGTTGGAGTGGAGTC-1-0-1,CVVTSYNKLIF,CASSLPPSDTQYF,,,TRAV12-1,TRBV7-2,,,TRAJ4,TRBJ2-3,NYNYLYRLF,16931.0
TATTACCTCTCTAGGA-1-0-1,CATDAADDYKLSF,CAISESQRENTQYF,,,TRAV17,TRBV10-3,,,TRAJ20,TRBJ2-5,NYNYLYRLF,16976.0
TCAACGAAGCTACCTA-1-0-1,CVASGGYQKVTF,CASSESAGYEQYF,,,TRAV12-1,TRBV2,,,TRAJ13,TRBJ2-7,NYNYLYRLF,16979.0
TCAGCAAGTCTCATCC-1-0-1,CAYLPPKLIF,CASSWRGRPNADTQYF,,,TRAV38-2/DV8,TRBV11-2,,,TRAJ32,TRBJ2-3,NYNYLYRLF,17038.0
TCAGCTCGTTCCCTTG-1-0-1,CAAPGGRRALTF,CSARGYLSSYNEQFF,,,TRAV23/DV6,TRBV20-1,,,TRAJ5,TRBJ2-1,NYNYLYRLF,17049.0
TCAGCTCTCGGAAATA-1-0-1,CALVEGGGADGLTF,CASSIWALGGNEQFF,,,TRAV6,TRBV19,,,TRAJ45,TRBJ2-1,NYNYLYRLF,17052.0
TCAGGATCACAAGTAA-1-0-1,CVVNRRVDSSYKLIF,CASSNGQGYEQYF,,,TRAV12-1,TRBV27,,,TRAJ12,TRBJ2-7,NYNYLYRLF,17055.0
TCAGGATCATCGGACC-1-0-1,CVVSGTYKYIF,CASSPSGENEQFF,,,TRAV12-1,TRBV18,,,TRAJ40,TRBJ2-1,NYNYLYRLF,17056.0
TGACGGCGTCTTGATG-1-0-1,CGVNSGAGSYQLTF,CSAKETDSYNEQFF,,,TRAV8-1,TRBV20-1,,,TRAJ28,TRBJ2-1,NYNYLYRLF,17278.0
TGCACCTTCTGGGCCA-1-0-1,CAVRGNQFYF,CASSYVVVQGVPYNEQFF,,,TRAV21,TRBV6-2,,,TRAJ49,TRBJ2-1,LTDEMIAQY,5226.0
TGCCAAACAGACTCGC-1-0-1,CGDYTGANSKLTF,CASSSAGLEDSPLHF,,,TRAV9-2,TRBV7-9,,,TRAJ56,TRBJ1-6,NYNYLYRLF,17368.0
TGGACGCCAGAGTGTG-1-0-1,CVVNNAGGYQKVTF,CASGTFDTYEQYF,,,TRAV12-1,TRBV2,,,TRAJ13,TRBJ2-7,NYNYLYRLF,17464.0
TGGCCAGTCGTGACAT-1-0-1,CATDASSGYSTLTF,CASSDPLAVSYNEQFF,,,TRAV17,TRBV4-2,,,TRAJ11,TRBJ2-1,NYNYLYRLF,17483.0
TGGCGCACAGGCAGTA-1-0-1,CVVNRGDKIIF,CASGTSGSYEQYF,,,TRAV12-1,TRBV5-1,,,TRAJ30,TRBJ2-7,NYNYLYRLF,17487.0
TGGCGCAGTCACTTCC-1-0-1,CVVNRANNARLMF,CASSEWGGLYEQYF,,,TRAV12-1,TRBV10-2,,,TRAJ31,TRBJ2-7,NYNYLYRLF,17492.0
TGTGTTTCATCACGAT-1-0-1,CAVSGPGGQNFVF,CASSLRTGTDGPSNTEAFF,,,TRAV8-4,TRBV28,,,TRAJ26,TRBJ1-1,LTDEMIAQY,17576.0
TGTTCCGGTTGACGTT-1-0-1,CVVNGNNDMRF,CASSDLNTGELFF,,,TRAV12-1,TRBV2,,,TRAJ43,TRBJ2-2,YLQPRTFLL,17592.0
TTCCCAGAGAAGATTC-1-0-1,CALRYYNQGGKLIF,CASSLGLAGGSSYNEQFF,,,TRAV19,TRBV5-1,,,TRAJ23,TRBJ2-1,LTDEMIAQY,17644.0
TTCCCAGAGTTGAGTA-1-0-1,CAASTRRGGKLIF,CASSVEGTTEAFF,,,TRAV13-1,TRBV9,,,TRAJ23,TRBJ1-1,CTELKLSDY,17647.0
TTCGAAGTCGTCCGTT-1-0-1,CVVRDSGGYQKVTF,CASSQAGGYEQYF,,,TRAV12-1,TRBV4-1,,,TRAJ13,TRBJ2-7,NYNYLYRLF,17663.0
TTCGGTCTCCAGTATG-1-0-1,CAAILLTGGGNKLTF,CSARDLSGPAGETQYF,,,TRAV13-1,TRBV20-1,,,TRAJ10,TRBJ2-5,LTDEMIAQY,17674.0
TTCTCAAAGTTACCCA-1-0-1,CAVRPGNQFYF,CASSFLYTDTQYF,,,TRAV21,TRBV27,,,TRAJ49,TRBJ2-3,LTDEMIAQY,5546.0
TTCTCCTAGCATGGCA-1-0-1,CALRLDFGNEKLTF,CASSSTGVGTEAFF,,,TRAV19,TRBV11-3,,,TRAJ48,TRBJ1-1,YLQPRTFLL,17699.0
TTCTCCTGTGACTACT-1-0-1,CVVNIPEGNTPLVF,CSARDEQGQNTGELFF,,,TRAV12-1,TRBV20-1,,,TRAJ29,TRBJ2-2,YLQPRTFLL,17704.0
TTGAACGCAGGTGCCT-1-0-1,CAPLDNRLAF,CASSRLAADYNEQFF,,,TRAV13-1,TRBV4-1,,,TRAJ7,TRBJ2-1,RAKFKQLL,17724.0
TTTGCGCTCTTGACGA-1-0-1,CAVRFNDYKLSF,CASSLSTSVASVEQYF,,,TRAV1-1,TRBV27,,,TRAJ20,TRBJ2-7,NYNYLYRLF,17831.0
TTTGGTTCACCACGTG-1-0-1,CVVNRPGYALNF,CAISEEPPEAYNEQFF,,,TRAV12-1,TRBV10-3,,,TRAJ41,TRBJ2-1,NYNYLYRLF,17838.0
TTTGTCAGTTCGAATC-1-0-1,CAASDINDYKLSF,CSVNPGRGANTQYF,,,TRAV29/DV5,TRBV20-1,,,TRAJ20,TRBJ2-3,NYNYLYRLF,17856.0
AACCGCGCACAACTGT-1-1-1,CAVRPVGGANNLFF,CATTLGLGTGELFF,,,TRAV21,TRBV27,,,TRAJ36,TRBJ2-2,LTDEMIAQY,17906.0
AACTGGTGTTCCACTC-1-1-1,CAPHQGAQKLVF,CASSEEGTQDEQYF,,,TRAV17,TRBV4-1,,,TRAJ54,TRBJ2-7,SPRRARSVA,17936.0
AATCCAGTCGGCTTGG-1-1-1,CALSPPAAGNKLTF,CASSSSAEPGNFYGYTF,,,TRAV9-2,TRBV7-3,,,TRAJ17,TRBJ1-2,LTDEMIAQY,17978.0
ACACCGGGTCTTCGTC-1-1-1,CLVGDTARQLTF,CASHDRENQPQHF,,,TRAV4,TRBV6-2,,,TRAJ22,TRBJ1-5,SPRRARSVA,18000.0
ACGAGGAAGCACCGTC-1-1-1,CAMRDSPYSNSGYALNF,CATRSAGERYEQFF,,,TRAV14/DV4,TRBV15,,,TRAJ41,TRBJ2-1,SPRRARSVA,18059.0
ACTTGTTAGTGAATTG-1-1-1,CATADSGGGADGLTF,CASSPNSRLSYEQYF,,,TRAV17,TRBV9,,,TRAJ45,TRBJ2-7,SPRRARSVA,18132.0
ATGCGATGTATTCGTG-1-1-1,CAAAGSARQLTF,CASSLEYFTYEQYF,,,TRAV22,TRBV7-9,,,TRAJ22,TRBJ2-7,LTDEMIAQY,18288.0
ATGGGAGCACAGGTTT-1-1-1,CGTERSSGNTPLVF,CASSQEKSVFGPEAFF,,,TRAV30,TRBV3-1,,,TRAJ29,TRBJ1-1,SPRRARSVA,18289.0
CAACCAAAGCACGCCT-1-1-1,CAMRGHSGNTPLVF,CASRIQPSGETQYF,,,TRAV14/DV4,TRBV2,,,TRAJ29,TRBJ2-5,LTDEMIAQY,18321.0
CAGCTGGTCCGTCAAA-1-1-1,CAASIGGANNLFF,CASSPGLAGVISYEQYF,,,TRAV23/DV6,TRBV5-8,,,TRAJ36,TRBJ2-7,FPQSAPHGV,18424.0
CAGTCCTCAAGCCCAC-1-1-1,CAVILTNSGYALNF,CATSARLAGGTYNEQFF,,,TRAV12-2,TRBV24-1,,,TRAJ41,TRBJ2-1,FPQSAPHGV,18435.0
CCTCTGAAGCTGCAAG-1-1-1,CAGGYGGSQGNLIF,CASSQDRGDSPLHF,,,TRAV20,TRBV5-4,,,TRAJ42,TRBJ1-6,LTDEMIAQY,18524.0
CCTCTGACAAGGGTCA-1-1-1,CAVTQGGSEKLVF,CASSQETSLDTQYF,,,TRAV8-6,TRBV4-1,,,TRAJ57,TRBJ2-3,SPRRARSVA,18525.0
CCTTACGGTAAGTTCC-1-1-1,CAGAQNNAGNMLTF,CASSLRYGVDTQYF,,,TRAV27,TRBV7-9,,,TRAJ39,TRBJ2-3,SPRRARSVA,18533.0
CTACATTAGAGTACCG-1-1-1,CALSDPGRDDKIIF,CASRTGQDPFWGYTF,,,TRAV19,TRBV6-5,,,TRAJ30,TRBJ1-2,LTDEMIAQY,18677.0
CTCACACGTTCCACTC-1-1-1,CAGFPPASGGSYIPTF,CASSLGTSGYEQYF,,,TRAV27,TRBV7-7,,,TRAJ6,TRBJ2-7,LTDEMIAQY,18698.0
CTCATTACACATAACC-1-1-1,CAGFQKLVF,CSASRDTTYEQYF,,,TRAV22,TRBV20-1,,,TRAJ8,TRBJ2-7,FPQSAPHGV,18702.0
CTGATAGTCAAGATCC-1-1-1,CAMRESSYSGAGSYQLTF,CASSPQGRGYGYTF,,,TRAV14/DV4,TRBV6-5,,,TRAJ28,TRBJ1-2,SPRRARSVA,18740.0
CTGCGGAGTGCGGTAA-1-1-1,CIVRQLDYNQGGKLIF,CASSLELGLTDTQYF,,,TRAV26-1,TRBV5-4,,,TRAJ23,TRBJ2-3,LTDEMIAQY,18755.0
CTTAGGAAGTACACCT-1-1-1,CAGHTGGFKTIF,CASSQEGVQDEQYF,,,TRAV17,TRBV4-1,,,TRAJ9,TRBJ2-7,SPRRARSVA,18780.0
GAAACTCAGAAACCAT-1-1-1,CALPYSGAGSYQLTF,CASSIARFNEQFF,,,TRAV19,TRBV19,,,TRAJ28,TRBJ2-1,LTDEMIAQY,18792.0
GAATAAGAGGTACTCT-1-1-1,CAEGFEDYKLSF,CASSPETSGVGETQYF,,,TRAV13-2,TRBV27,,,TRAJ20,TRBJ2-5,SPRRARSVA,18818.0
GATCGTACACATGGGA-1-1-1,CAVQDRGNNRLAF,CASSSGRVTEAFF,,,TRAV20,TRBV27,,,TRAJ7,TRBJ1-1,FPQSAPHGV,18883.0
GCAGTTAAGCGTTGCC-1-1-1,CAAMTTDSWGKLQF,CASSSEDYGYTF,,,TRAV21,TRBV5-6,,,TRAJ24,TRBJ1-2,YTNSFTRGVY,18910.0
GCGCGATGTAGTGAAT-1-1-1,CAVREARGGSYIPTF,CASSIDFRDRADNEQFF,,,TRAV1-1,TRBV19,,,TRAJ6,TRBJ2-1,FPQSAPHGV,18941.0
GGAAAGCAGAAACGCC-1-1-1,CAVNEGGSNYKLTF,CASRARLAVPPRGSYNEQFF,,,TRAV12-2,TRBV6-2,,,TRAJ53,TRBJ2-1,LTDEMIAQY,18968.0
GGGACCTTCCTGTACC-1-1-1,CVVNKAGRRALTF,CSARVENTGELFF,,,TRAV12-1,TRBV20-1,,,TRAJ5,TRBJ2-2,FPQSAPHGV,19027.0
GTCATTTCAGCTCGCA-1-1-1,CAVRAHKLIF,CASSGHLAGGYEQYF,,,TRAV12-2,TRBV27,,,TRAJ12,TRBJ2-7,SPRRARSVA,19100.0
TACGGTATCTTCTGGC-1-1-1,CATVPRISSGSARQLTF,CASSLAGVYSNQPQHF,,,TRAV17,TRBV5-6,,,TRAJ22,TRBJ1-5,SPRRARSVA,19185.0
TAGAGCTAGCTCTCGG-1-1-1,CAASWGKSSGDKLTF,CASGPMNTEAFF,,,TRAV13-1,TRBV28,,,TRAJ46,TRBJ1-1,LTDEMIAQY,18618.0
TATGCCCGTCATCCCT-1-1-1,CALSGGQNFVF,CASSLGVVMGYTF,,,TRAV21,TRBV5-6,,,TRAJ26,TRBJ1-2,SPRRARSVA,19232.0
TCGGGACTCGAGAGCA-1-1-1,CAMREAGETSGSRLTF,CASSIGQYTYEQYF,,,TRAV14/DV4,TRBV19,,,TRAJ58,TRBJ2-7,LTDEMIAQY,19292.0
TGACGGCAGTGGTCCC-1-1-1,CAATQGGSEKLVF,CASSSTSSYNEQFF,,,TRAV21,TRBV5-4,,,TRAJ57,TRBJ2-1,LTDEMIAQY,19327.0
TGATTTCCAAGCCCAC-1-1-1,CAVSDQGNNDMRF,CASSQGGQTTDTQYF,,,TRAV8-6,TRBV4-3,,,TRAJ43,TRBJ2-3,SPRRARSVA,19343.0
TGCTGCTCACGTGAGA-1-1-1,CAASRGGSNYKLTF,CASSYTGYYNEQFF,,,TRAV29/DV5,TRBV6-5,,,TRAJ53,TRBJ2-1,LTDEMIAQY,19372.0
TGTGTTTTCATGGTCA-1-1-1,CGADPRDTGRRALTF,CASSLGSILLQETQYF,,,TRAV34,TRBV11-2,,,TRAJ5,TRBJ2-5,FPQSAPHGV,19405.0
TGTGTTTTCGTGGACC-1-1-1,CARGSGSGTYKYIF,CASSQETPLDEQFF,,,TRAV8-6,TRBV4-1,,,TRAJ40,TRBJ2-1,SPRRARSVA,19406.0
TTGACTTCATGTCGAT-1-1-1,CIVRGPMEYGNKLVF,CASSKTNAGTGELFF,,,TRAV26-1,TRBV28,,,TRAJ47,TRBJ2-2,FPQSAPHGV,19436.0
TTTCCTCGTGCCTGCA-1-1-1,CAGSRGGSNYKLTF,CASRSGGSYEQYF,,,TRAV35,TRBV2,,,TRAJ53,TRBJ2-7,SPRRARSVA,19457.0
AAACCTGCACAACTGT-1-2-1,CAMRSNYQLIW,CAGGVPQETQYF,,,TRAV12-3,TRBV6-1,,,TRAJ33,TRBJ2-5,LTDEMIAQY,19469.0
AGCGGTCCAGGTCGTC-1-2-1,CASYTGGSNYKLTF,CSVHGGWPYEQYF,,,TRAV12-2,TRBV29-1,,,TRAJ53,TRBJ2-7,LTDEMIAQY,19579.0
AGCTCTCAGACCACGA-1-2-1,CAYNNTDKLIF,CSANLGGNEQFF,,,TRAV27,TRBV20-1,,,TRAJ34,TRBJ2-1,FPQSAPHGV,19584.0
AGTCTTTGTGATGTCT-1-2-1,CAASYMDSSYKLIF,CASSPILAETYEQYF,,,TRAV29/DV5,TRBV11-2,,,TRAJ12,TRBJ2-7,YTNSFTRGVY,19601.0
ATCATGGGTATAAACG-1-2-1,CAVRRADSWGKLQF,CAIRGIPGQGGTDTQYF,,,TRAV21,TRBV10-3,,,TRAJ24,TRBJ2-3,LTDEMIAQY,19621.0
ATGCGATGTTAGTGGG-1-2-1,CAYRYNTDKLIF,CSVDRPPNEQFF,,,TRAV38-2/DV8,TRBV29-1,,,TRAJ34,TRBJ2-1,LTDEMIAQY,19634.0
CACACTCAGAGCCTAG-1-2-1,CALLRTGANSKLTF,CAISGPETNQPQHF,,,TRAV38-1,TRBV10-3,,,TRAJ56,TRBJ1-5,LTDEMIAQY,19664.0
CACCAGGGTTGCGTTA-1-2-1,CATPSGTYKYIF,CASMWRPANTGELFF,,,TRAV17,TRBV19,,,TRAJ40,TRBJ2-2,LTDEMIAQY,19676.0
CAGGTGCGTTCTGGTA-1-2-1,CAGYRAGTYKYIF,CASTSHPTVSSYNEQFF,,,TRAV25,TRBV28,,,TRAJ40,TRBJ2-1,LTDEMIAQY,19695.0
CCTTCCCAGGAGTTTA-1-2-1,CALRVGKLIF,CASSSTTGAGNTEAFF,,,TRAV19,TRBV7-9,,,TRAJ34,TRBJ1-1,NYNYLYRLF,19761.0
CGCTGGACATGTTGAC-1-2-1,CAVSDKGGYQKVTF,CASTPGGPGETQYF,,,TRAV8-6,TRBV28,,,TRAJ13,TRBJ2-5,YTNSFTRGVY,19798.0
CGGTTAAAGTAGGTGC-1-2-1,CILRSNDYKLSF,CASSLLWVGDYGYTF,,,TRAV26-2,TRBV11-2,,,TRAJ20,TRBJ1-2,LTDEMIAQY,19813.0
CGTCAGGCATGTTGAC-1-2-1,CAASEPTGTASKLTF,CASSSPLGYTF,,,TRAV29/DV5,TRBV28,,,TRAJ44,TRBJ1-2,LTDEMIAQY,19818.0
GAACGGAGTGTGACGA-1-2-1,CSNNAGNMLTF,CASGQAPNQPQHF,,,TRAV5,TRBV27,,,TRAJ39,TRBJ1-5,LTDEMIAQY,19902.0
GACTACAAGCTCTCGG-1-2-1,CAPQARSARQLTF,CASRVNSNYGYTF,,,TRAV8-1,TRBV27,,,TRAJ22,TRBJ1-2,NYNYLYRLF,19924.0
GATGAGGGTCAGTGGA-1-2-1,CAESMGSSASKIIF,CAANPRGHEQYF,,,TRAV5,TRBV2,,,TRAJ3,TRBJ2-7,YTNSFTRGVY,19941.0
GCTGGGTTCAAACCAC-1-2-1,CALSGGYNKLIF,CASSTPTGTENNEQFF,,,TRAV8-6,TRBV7-9,,,TRAJ4,TRBJ2-1,NYNYLYRLF,19980.0
GGCGTGTTCACCACCT-1-2-1,CAGPGAGGFKTIF,CASSLGLYNEQFF,,,TRAV27,TRBV14,,,TRAJ9,TRBJ2-1,YTNSFTRGVY,20010.0
TACGGGCCATGAAGTA-1-2-1,CAATPNTGGFKTIF,CASSPRLAGGEQYF,,,TRAV13-1,TRBV27,,,TRAJ9,TRBJ2-7,YTNSFTRGVY,176.0
TATTACCCAACGCACC-1-2-1,CALSGSNTNAGKSTF,CASSLGAGGLTGELFF,,,TRAV19,TRBV27,,,TRAJ27,TRBJ2-2,YTNSFTRGVY,20124.0
TGGCTGGGTTACGGAG-1-2-1,CAGPYNNAGNMLTF,CASSLSRGFPYEQYF,,,TRAV25,TRBV27,,,TRAJ39,TRBJ2-7,LTDEMIAQY,20205.0
TGGGAAGCAAGGACTG-1-2-1,CIVRGDKLSF,CASSDRGLGNQPQHF,,,TRAV26-1,TRBV27,,,TRAJ20,TRBJ1-5,YTNSFTRGVY,20209.0
TTGGAACGTGACAAAT-1-2-1,CAGLEYGNKLVF,CASSPLSTDTQYF,,,TRAV35,TRBV19,,,TRAJ47,TRBJ2-3,YTNSFTRGVY,20254.0
